car_id,selling_price,seller_type
1,60000,Individual
2,135000,Individual
3,600000,Individual
4,250000,Individual
5,450000,Individual
6,140000,Individual
7,550000,Individual
8,240000,Individual
9,850000,Individual
10,365000,Individual
11,260000,Individual
12,250000,Individual
13,1650000,Dealer
14,60000,Individual
15,135000,Individual
16,600000,Individual
17,250000,Individual
18,450000,Individual
19,140000,Individual
20,550000,Individual
21,240000,Individual
22,850000,Individual
23,365000,Individual
24,260000,Individual
25,250000,Individual
26,1650000,Dealer
27,585000,Dealer
28,1195000,Dealer
29,390000,Individual
30,1964999,Dealer
31,1425000,Dealer
32,975000,Dealer
33,1190000,Dealer
34,930000,Dealer
35,525000,Individual
36,1735000,Dealer
37,1375000,Dealer
38,450000,Dealer
39,900000,Individual
40,1300000,Individual
41,1400000,Individual
42,850000,Dealer
43,229999,Individual
44,1550000,Dealer
45,1250000,Dealer
46,625000,Individual
47,1050000,Individual
48,560000,Individual
49,290000,Individual
50,275000,Individual
51,411000,Individual
52,150000,Individual
53,500000,Individual
54,100000,Individual
55,725000,Dealer
56,401000,Dealer
57,750000,Dealer
58,310000,Dealer
59,665000,Dealer
60,465000,Dealer
61,160000,Individual
62,250000,Individual
63,675000,Dealer
64,300000,Dealer
65,70000,Individual
66,240000,Dealer
67,525000,Dealer
68,151000,Dealer
69,140000,Individual
70,280000,Individual
71,350000,Individual
72,570000,Individual
73,300000,Individual
74,100000,Individual
75,500000,Individual
76,125000,Individual
77,130000,Individual
78,925000,Individual
79,750000,Individual
80,200000,Individual
81,248000,Individual
82,450000,Individual
83,80000,Individual
84,650000,Individual
85,450000,Individual
86,650000,Individual
87,495000,Dealer
88,371000,Dealer
89,1025000,Dealer
90,8150000,Dealer
91,750000,Individual
92,600000,Individual
93,80000,Dealer
94,325000,Dealer
95,1470000,Dealer
96,350000,Individual
97,2800000,Dealer
98,210000,Dealer
99,450000,Individual
100,1150000,Dealer
101,210000,Dealer
102,4500000,Dealer
103,2750000,Individual
104,1975000,Dealer
105,175000,Dealer
106,2500000,Dealer
107,628000,Individual
108,600000,Individual
109,399000,Individual
110,750000,Individual
111,750000,Individual
112,315000,Individual
113,600000,Individual
114,100000,Individual
115,250000,Individual
116,350000,Individual
117,780000,Individual
118,434000,Individual
119,690000,Individual
120,555000,Individual
121,120000,Individual
122,500000,Individual
123,165000,Individual
124,95000,Individual
125,550000,Individual
126,100000,Individual
127,100000,Individual
128,500000,Individual
129,800000,Individual
130,840000,Individual
131,490000,Individual
132,125000,Individual
133,400000,Individual
134,1000000,Dealer
135,530000,Dealer
136,840000,Dealer
137,229999,Individual
138,40000,Individual
139,130000,Individual
140,200000,Individual
141,120000,Individual
142,75000,Individual
143,250000,Individual
144,100000,Individual
145,280000,Individual
146,540000,Individual
147,700000,Individual
148,525000,Individual
149,430000,Individual
150,65000,Individual
151,800000,Individual
152,75000,Individual
153,210000,Individual
154,195000,Individual
155,400000,Individual
156,170000,Individual
157,225000,Individual
158,210000,Individual
159,240000,Individual
160,300000,Individual
161,99000,Individual
162,620000,Individual
163,500000,Individual
164,2550000,Individual
165,260000,Individual
166,550000,Individual
167,150000,Individual
168,350000,Individual
169,320000,Individual
170,400000,Individual
171,175000,Individual
172,120000,Individual
173,320000,Individual
174,70000,Individual
175,810000,Individual
176,95000,Individual
177,282000,Individual
178,80000,Individual
179,72000,Individual
180,600000,Individual
181,640000,Individual
182,380000,Individual
183,650000,Individual
184,150000,Individual
185,280000,Individual
186,430000,Individual
187,800000,Individual
188,75000,Individual
189,650000,Individual
190,390000,Individual
191,100000,Individual
192,1500000,Individual
193,175000,Individual
194,434999,Individual
195,170000,Individual
196,190000,Individual
197,250000,Individual
198,229999,Individual
199,140000,Individual
200,600000,Individual
201,280000,Individual
202,150000,Individual
203,650000,Individual
204,210000,Individual
205,2900000,Individual
206,425000,Dealer
207,265000,Dealer
208,890000,Dealer
209,365000,Dealer
210,350000,Dealer
211,685000,Individual
212,940000,Dealer
213,1000000,Individual
214,1150000,Dealer
215,450000,Individual
216,590000,Dealer
217,800000,Individual
218,385000,Dealer
219,2000000,Individual
220,235000,Dealer
221,640000,Dealer
222,52000,Individual
223,80000,Individual
224,140000,Individual
225,120000,Individual
226,89999,Individual
227,180000,Individual
228,1500000,Individual
229,700000,Individual
230,285000,Individual
231,390000,Individual
232,125000,Individual
233,225000,Individual
234,175000,Individual
235,1075000,Individual
236,300000,Individual
237,700000,Individual
238,90000,Dealer
239,120000,Individual
240,220000,Individual
241,300000,Dealer
242,180000,Dealer
243,170000,Individual
244,300000,Individual
245,1050000,Individual
246,300000,Individual
247,465000,Individual
248,130000,Individual
249,434999,Individual
250,500000,Individual
251,200000,Individual
252,625000,Dealer
253,110000,Individual
254,800000,Individual
255,490000,Dealer
256,880000,Dealer
257,290000,Individual
258,115999,Individual
259,360000,Individual
260,65000,Individual
261,685000,Dealer
262,300000,Individual
263,680000,Dealer
264,1000000,Individual
265,100000,Individual
266,160000,Individual
267,450000,Individual
268,600000,Individual
269,180000,Individual
270,100000,Individual
271,120000,Individual
272,130000,Individual
273,160000,Individual
274,860000,Individual
275,650000,Individual
276,100000,Individual
277,282000,Individual
278,300000,Individual
279,270000,Individual
280,550000,Individual
281,450000,Individual
282,430000,Individual
283,350000,Individual
284,350000,Individual
285,229999,Individual
286,110000,Individual
287,395000,Individual
288,650000,Individual
289,350000,Individual
290,1400000,Dealer
291,360000,Individual
292,1300000,Individual
293,800000,Individual
294,229999,Individual
295,315000,Dealer
296,125000,Individual
297,700000,Individual
298,160000,Individual
299,530000,Dealer
300,624000,Dealer
301,250000,Individual
302,585000,Dealer
303,500000,Individual
304,350000,Individual
305,495000,Dealer
306,500000,Individual
307,430000,Individual
308,345000,Dealer
309,500000,Individual
310,425000,Individual
311,80000,Individual
312,106000,Individual
313,180000,Individual
314,250000,Individual
315,350000,Individual
316,60000,Individual
317,900000,Individual
318,700000,Dealer
319,2000000,Dealer
320,1000000,Individual
321,1375000,Individual
322,1800000,Dealer
323,160000,Individual
324,525000,Individual
325,850000,Dealer
326,800000,Individual
327,700000,Dealer
328,800000,Individual
329,575000,Individual
330,350000,Individual
331,250000,Individual
332,600000,Dealer
333,370000,Individual
334,80000,Individual
335,50000,Individual
336,900000,Individual
337,300000,Individual
338,125000,Individual
339,490000,Individual
340,300000,Individual
341,55000,Individual
342,350000,Individual
343,755000,Individual
344,720000,Individual
345,229999,Individual
346,1100000,Individual
347,400000,Individual
348,350000,Individual
349,159000,Dealer
350,550000,Dealer
351,335000,Dealer
352,185000,Dealer
353,229999,Dealer
354,225000,Dealer
355,250000,Individual
356,400000,Individual
357,470000,Individual
358,300000,Individual
359,145000,Individual
360,100000,Individual
361,500000,Individual
362,130000,Individual
363,240000,Individual
364,150000,Individual
365,270000,Individual
366,400000,Individual
367,200000,Individual
368,550000,Individual
369,325000,Individual
370,860000,Individual
371,600000,Individual
372,125000,Individual
373,60000,Individual
374,300000,Individual
375,190000,Individual
376,400000,Individual
377,260000,Individual
378,400000,Individual
379,250000,Individual
380,600000,Individual
381,175000,Individual
382,450000,Individual
383,350000,Individual
384,800000,Individual
385,250000,Individual
386,600000,Individual
387,600000,Individual
388,130000,Individual
389,90000,Individual
390,595000,Individual
391,190000,Individual
392,50000,Individual
393,95000,Individual
394,1000000,Individual
395,220000,Individual
396,400000,Individual
397,315000,Individual
398,1000000,Individual
399,500000,Individual
400,1600000,Individual
401,500000,Individual
402,70000,Individual
403,105000,Individual
404,400000,Individual
405,80000,Individual
406,300000,Individual
407,409999,Individual
408,250000,Individual
409,250000,Individual
410,215000,Individual
411,1400000,Individual
412,475000,Individual
413,475000,Individual
414,75000,Individual
415,200000,Individual
416,575000,Individual
417,150000,Individual
418,850000,Individual
419,350000,Individual
420,550000,Individual
421,330000,Individual
422,1044999,Individual
423,300000,Individual
424,235000,Dealer
425,120000,Individual
426,130000,Individual
427,275000,Dealer
428,270000,Individual
429,500000,Individual
430,400000,Dealer
431,600000,Dealer
432,1350000,Individual
433,400000,Dealer
434,220000,Individual
435,300000,Dealer
436,250000,Individual
437,600000,Individual
438,285000,Individual
439,350000,Dealer
440,170000,Individual
441,229999,Individual
442,500000,Dealer
443,75000,Individual
444,600000,Individual
445,220000,Individual
446,150000,Individual
447,65000,Individual
448,120000,Individual
449,240000,Individual
450,390000,Individual
451,180000,Individual
452,320000,Individual
453,310000,Individual
454,420000,Individual
455,550000,Individual
456,550000,Individual
457,760000,Individual
458,43000,Individual
459,250000,Individual
460,500000,Individual
461,380000,Individual
462,1850000,Individual
463,350000,Individual
464,195000,Individual
465,225000,Individual
466,1125000,Individual
467,133000,Individual
468,200000,Individual
469,940000,Individual
470,400000,Individual
471,120000,Individual
472,625000,Individual
473,110000,Individual
474,490000,Individual
475,140000,Individual
476,175000,Individual
477,90000,Individual
478,275000,Individual
479,300000,Individual
480,270000,Individual
481,130000,Individual
482,275000,Individual
483,352000,Individual
484,180000,Individual
485,150000,Individual
486,300000,Individual
487,300000,Individual
488,225000,Individual
489,600000,Individual
490,500000,Individual
491,900000,Individual
492,600000,Individual
493,450000,Individual
494,270000,Individual
495,310000,Individual
496,250000,Individual
497,700000,Dealer
498,650000,Dealer
499,400000,Dealer
500,425000,Dealer
501,600000,Dealer
502,600000,Dealer
503,300000,Dealer
504,450000,Dealer
505,750000,Dealer
506,325000,Dealer
507,900000,Dealer
508,180000,Dealer
509,350000,Dealer
510,600000,Dealer
511,900000,Individual
512,350000,Individual
513,280000,Individual
514,225000,Individual
515,520000,Individual
516,509999,Individual
517,556000,Individual
518,225000,Individual
519,325000,Dealer
520,365000,Dealer
521,850000,Dealer
522,350000,Dealer
523,225000,Dealer
524,135000,Individual
525,140000,Dealer
526,665000,Dealer
527,275000,Dealer
528,2750000,Individual
529,484999,Dealer
530,565000,Dealer
531,425000,Dealer
532,925000,Individual
533,565000,Dealer
534,525000,Dealer
535,1650000,Dealer
536,295000,Dealer
537,2050000,Dealer
538,1475000,Dealer
539,1100000,Individual
540,4400000,Individual
541,670000,Trustmark Dealer
542,750000,Trustmark Dealer
543,760000,Trustmark Dealer
544,850000,Dealer
545,390000,Trustmark Dealer
546,450000,Trustmark Dealer
547,425000,Trustmark Dealer
548,770000,Trustmark Dealer
549,1150000,Trustmark Dealer
550,775000,Trustmark Dealer
551,1725000,Dealer
552,2150000,Dealer
553,450000,Dealer
554,3800000,Dealer
555,1580000,Dealer
556,4950000,Dealer
557,535000,Individual
558,225000,Individual
559,550000,Dealer
560,670000,Trustmark Dealer
561,625000,Trustmark Dealer
562,520000,Dealer
563,239000,Dealer
564,2600000,Trustmark Dealer
565,750000,Trustmark Dealer
566,229999,Dealer
567,1300000,Dealer
568,80000,Dealer
569,385000,Dealer
570,760000,Trustmark Dealer
571,600000,Trustmark Dealer
572,450000,Dealer
573,3800000,Dealer
574,1580000,Dealer
575,4950000,Dealer
576,535000,Individual
577,225000,Individual
578,550000,Dealer
579,670000,Trustmark Dealer
580,625000,Trustmark Dealer
581,520000,Dealer
582,239000,Dealer
583,2600000,Trustmark Dealer
584,750000,Trustmark Dealer
585,229999,Dealer
586,1300000,Dealer
587,80000,Dealer
588,385000,Dealer
589,760000,Trustmark Dealer
590,600000,Trustmark Dealer
591,450000,Dealer
592,3800000,Dealer
593,1580000,Dealer
594,4950000,Dealer
595,535000,Individual
596,225000,Individual
597,550000,Dealer
598,670000,Trustmark Dealer
599,625000,Trustmark Dealer
600,520000,Dealer
601,239000,Dealer
602,2600000,Trustmark Dealer
603,750000,Trustmark Dealer
604,229999,Dealer
605,1300000,Dealer
606,80000,Dealer
607,385000,Dealer
608,760000,Trustmark Dealer
609,600000,Trustmark Dealer
610,450000,Dealer
611,3800000,Dealer
612,1580000,Dealer
613,4950000,Dealer
614,535000,Individual
615,225000,Individual
616,550000,Dealer
617,670000,Trustmark Dealer
618,625000,Trustmark Dealer
619,520000,Dealer
620,239000,Dealer
621,2600000,Trustmark Dealer
622,750000,Trustmark Dealer
623,229999,Dealer
624,1300000,Dealer
625,80000,Dealer
626,385000,Dealer
627,760000,Trustmark Dealer
628,600000,Trustmark Dealer
629,350000,Individual
630,114999,Individual
631,380000,Individual
632,95000,Individual
633,900000,Individual
634,200999,Individual
635,229999,Individual
636,800000,Individual
637,150000,Individual
638,600000,Individual
639,150000,Individual
640,150000,Individual
641,380000,Individual
642,80000,Individual
643,225000,Individual
644,75000,Individual
645,1600000,Individual
646,185000,Individual
647,425000,Individual
648,100000,Individual
649,140000,Individual
650,710000,Individual
651,450000,Individual
652,210000,Individual
653,270000,Individual
654,110000,Individual
655,540000,Individual
656,145000,Individual
657,360000,Individual
658,250000,Individual
659,110000,Individual
660,250000,Individual
661,150000,Individual
662,140000,Individual
663,925000,Individual
664,969999,Individual
665,90000,Individual
666,55000,Individual
667,155000,Individual
668,900000,Individual
669,135000,Individual
670,180000,Individual
671,495000,Individual
672,400000,Individual
673,250000,Individual
674,138000,Individual
675,311000,Individual
676,190000,Individual
677,311000,Individual
678,300000,Individual
679,600000,Individual
680,550000,Individual
681,600000,Individual
682,195000,Individual
683,58000,Individual
684,183000,Individual
685,95000,Individual
686,250000,Individual
687,250000,Individual
688,400000,Individual
689,409999,Individual
690,120000,Individual
691,600000,Individual
692,600000,Individual
693,825000,Individual
694,625000,Individual
695,700000,Individual
696,160000,Individual
697,114999,Individual
698,150000,Individual
699,250000,Dealer
700,390000,Dealer
701,650000,Individual
702,600000,Individual
703,250000,Individual
704,229999,Individual
705,299000,Individual
706,330000,Individual
707,180000,Individual
708,475000,Individual
709,325000,Individual
710,639000,Dealer
711,415000,Dealer
712,1199000,Dealer
713,525000,Dealer
714,425000,Dealer
715,699000,Dealer
716,325000,Dealer
717,275000,Dealer
718,269000,Dealer
719,399000,Dealer
720,475000,Dealer
721,249000,Dealer
722,1549000,Dealer
723,254999,Dealer
724,269000,Dealer
725,665000,Dealer
726,299000,Dealer
727,265000,Dealer
728,211000,Dealer
729,599000,Dealer
730,55000,Individual
731,550000,Individual
732,4000000,Individual
733,220000,Individual
734,500000,Individual
735,140000,Individual
736,325000,Individual
737,210000,Individual
738,110000,Individual
739,1200000,Individual
740,229999,Individual
741,225000,Individual
742,165000,Individual
743,525000,Dealer
744,325000,Dealer
745,1500000,Individual
746,400000,Individual
747,550000,Dealer
748,98000,Individual
749,900000,Dealer
750,700000,Individual
751,890000,Dealer
752,490000,Dealer
753,525000,Dealer
754,330000,Dealer
755,550000,Dealer
756,790000,Dealer
757,350000,Dealer
758,1700000,Individual
759,750000,Dealer
760,409999,Dealer
761,220000,Individual
762,68000,Individual
763,290000,Individual
764,600000,Dealer
765,470000,Individual
766,150000,Individual
767,180000,Dealer
768,80000,Individual
769,875000,Individual
770,300000,Individual
771,2800000,Individual
772,1330000,Dealer
773,220000,Dealer
774,250000,Individual
775,919999,Dealer
776,380000,Dealer
777,450000,Individual
778,770000,Individual
779,550000,Individual
780,320000,Individual
781,400000,Individual
782,450000,Individual
783,220000,Individual
784,400000,Individual
785,530000,Individual
786,390000,Individual
787,185000,Individual
788,300000,Individual
789,575000,Individual
790,300000,Individual
791,425000,Dealer
792,350000,Individual
793,550000,Dealer
794,500000,Individual
795,600000,Individual
796,300000,Individual
797,1150000,Dealer
798,475000,Dealer
799,260000,Dealer
800,350000,Individual
801,750000,Dealer
802,180000,Dealer
803,350000,Dealer
804,611000,Dealer
805,325000,Dealer
806,225000,Dealer
807,300000,Dealer
808,400000,Individual
809,711000,Dealer
810,851000,Dealer
811,500000,Individual
812,250000,Individual
813,150000,Individual
814,610000,Individual
815,450000,Individual
816,744000,Individual
817,120000,Individual
818,220000,Individual
819,480000,Individual
820,370000,Individual
821,55000,Individual
822,125000,Individual
823,260000,Individual
824,350000,Individual
825,170000,Individual
826,350000,Individual
827,250000,Individual
828,170000,Individual
829,1300000,Individual
830,550000,Individual
831,400000,Individual
832,120000,Individual
833,120000,Individual
834,275000,Individual
835,285000,Individual
836,900000,Individual
837,2500000,Individual
838,620000,Individual
839,1700000,Individual
840,650000,Individual
841,500000,Individual
842,250000,Individual
843,950000,Individual
844,320000,Individual
845,450000,Individual
846,350000,Individual
847,400000,Individual
848,200000,Individual
849,250000,Individual
850,550000,Individual
851,85000,Individual
852,52000,Individual
853,1200000,Individual
854,450000,Individual
855,615000,Individual
856,400000,Individual
857,60000,Individual
858,500000,Individual
859,600000,Individual
860,110000,Individual
861,175000,Individual
862,325000,Individual
863,425000,Individual
864,160000,Individual
865,100000,Individual
866,390000,Individual
867,400000,Individual
868,509999,Individual
869,150000,Individual
870,110000,Individual
871,450000,Individual
872,400000,Individual
873,140000,Individual
874,130000,Individual
875,160000,Individual
876,150000,Individual
877,500000,Individual
878,40000,Individual
879,140000,Individual
880,227000,Individual
881,285000,Individual
882,155000,Individual
883,210000,Individual
884,140000,Individual
885,940000,Individual
886,750000,Individual
887,610000,Individual
888,450000,Individual
889,409999,Individual
890,100000,Individual
891,300000,Individual
892,400000,Individual
893,210000,Individual
894,90000,Individual
895,222000,Individual
896,240000,Individual
897,450000,Individual
898,450000,Dealer
899,3800000,Dealer
900,1580000,Dealer
901,4950000,Dealer
902,535000,Individual
903,225000,Individual
904,550000,Dealer
905,670000,Trustmark Dealer
906,625000,Trustmark Dealer
907,520000,Dealer
908,239000,Dealer
909,2600000,Trustmark Dealer
910,750000,Trustmark Dealer
911,229999,Dealer
912,1300000,Dealer
913,80000,Dealer
914,385000,Dealer
915,760000,Trustmark Dealer
916,600000,Trustmark Dealer
917,450000,Dealer
918,3800000,Dealer
919,1580000,Dealer
920,4950000,Dealer
921,535000,Individual
922,225000,Individual
923,550000,Dealer
924,670000,Trustmark Dealer
925,625000,Trustmark Dealer
926,520000,Dealer
927,239000,Dealer
928,2600000,Trustmark Dealer
929,750000,Trustmark Dealer
930,229999,Dealer
931,1300000,Dealer
932,80000,Dealer
933,385000,Dealer
934,760000,Trustmark Dealer
935,600000,Trustmark Dealer
936,735000,Dealer
937,285000,Dealer
938,350000,Dealer
939,290000,Dealer
940,890000,Dealer
941,385000,Dealer
942,425000,Dealer
943,525000,Dealer
944,550000,Dealer
945,271000,Dealer
946,1490000,Dealer
947,490000,Dealer
948,260000,Dealer
949,455000,Dealer
950,75000,Dealer
951,421000,Dealer
952,550000,Dealer
953,330000,Dealer
954,390000,Dealer
955,599000,Dealer
956,110000,Individual
957,250000,Individual
958,600000,Individual
959,280000,Individual
960,2700000,Individual
961,80000,Individual
962,350000,Individual
963,475000,Individual
964,4700000,Individual
965,500000,Individual
966,250000,Individual
967,100000,Individual
968,350000,Individual
969,4000000,Individual
970,1900000,Individual
971,95000,Individual
972,409999,Individual
973,1050000,Individual
974,320000,Individual
975,1000000,Individual
976,1770000,Individual
977,950000,Individual
978,750000,Individual
979,220000,Individual
980,1000000,Individual
981,660000,Individual
982,716000,Individual
983,675000,Individual
984,385000,Individual
985,325000,Individual
986,950000,Individual
987,400000,Individual
988,250000,Individual
989,4000000,Individual
990,210000,Individual
991,147000,Individual
992,725000,Individual
993,550000,Individual
994,475000,Individual
995,250000,Individual
996,70000,Individual
997,160000,Individual
998,1000000,Individual
999,68000,Individual
1000,500000,Individual
1001,170000,Individual
1002,1300000,Individual
1003,1050000,Individual
1004,300000,Individual
1005,600000,Individual
1006,900000,Individual
1007,550000,Individual
1008,100000,Individual
1009,400000,Individual
1010,120000,Individual
1011,300000,Individual
1012,140000,Individual
1013,640000,Individual
1014,380000,Individual
1015,120000,Individual
1016,650000,Individual
1017,150000,Individual
1018,550000,Individual
1019,650000,Dealer
1020,1025000,Dealer
1021,195000,Dealer
1022,3800000,Dealer
1023,1490000,Dealer
1024,4950000,Dealer
1025,1140000,Trustmark Dealer
1026,95000,Individual
1027,3050000,Individual
1028,550000,Dealer
1029,625000,Trustmark Dealer
1030,520000,Dealer
1031,239000,Dealer
1032,2600000,Trustmark Dealer
1033,229999,Dealer
1034,1300000,Dealer
1035,585000,Trustmark Dealer
1036,825000,Trustmark Dealer
1037,280000,Dealer
1038,725000,Trustmark Dealer
1039,300000,Individual
1040,375000,Individual
1041,310000,Individual
1042,375000,Individual
1043,1950000,Individual
1044,400000,Individual
1045,550000,Individual
1046,270000,Individual
1047,555000,Individual
1048,500000,Individual
1049,400000,Individual
1050,280000,Individual
1051,80000,Individual
1052,55000,Individual
1053,250000,Individual
1054,250000,Individual
1055,95000,Individual
1056,725000,Individual
1057,320000,Individual
1058,1200000,Individual
1059,160000,Individual
1060,790000,Dealer
1061,1200000,Dealer
1062,175000,Individual
1063,950000,Individual
1064,340000,Individual
1065,825000,Individual
1066,3100000,Individual
1067,780000,Dealer
1068,350000,Individual
1069,690000,Dealer
1070,245000,Individual
1071,790000,Dealer
1072,680000,Dealer
1073,540000,Individual
1074,425000,Individual
1075,140000,Individual
1076,1100000,Individual
1077,715000,Individual
1078,1580000,Dealer
1079,1750000,Dealer
1080,400000,Dealer
1081,1750000,Dealer
1082,1850000,Dealer
1083,114999,Dealer
1084,950000,Dealer
1085,310000,Dealer
1086,575000,Dealer
1087,490000,Dealer
1088,480000,Dealer
1089,3500000,Dealer
1090,370000,Dealer
1091,835000,Dealer
1092,650000,Dealer
1093,670000,Dealer
1094,950000,Dealer
1095,690000,Dealer
1096,670000,Dealer
1097,925000,Dealer
1098,250000,Individual
1099,509999,Individual
1100,520000,Individual
1101,100000,Individual
1102,85000,Individual
1103,130000,Individual
1104,950000,Dealer
1105,450000,Individual
1106,320000,Individual
1107,480000,Individual
1108,2490000,Individual
1109,790000,Individual
1110,120000,Individual
1111,75000,Individual
1112,99000,Individual
1113,1015000,Individual
1114,250000,Individual
1115,520000,Individual
1116,1100000,Individual
1117,200000,Individual
1118,525000,Individual
1119,500000,Individual
1120,675000,Individual
1121,150000,Individual
1122,250000,Individual
1123,450000,Individual
1124,150000,Individual
1125,200000,Individual
1126,525000,Individual
1127,60000,Individual
1128,180000,Individual
1129,475000,Individual
1130,380000,Individual
1131,285000,Individual
1132,91200,Individual
1133,250000,Individual
1134,400000,Individual
1135,160000,Individual
1136,650000,Individual
1137,409999,Individual
1138,425000,Individual
1139,250000,Individual
1140,200000,Individual
1141,250000,Individual
1142,130000,Individual
1143,260000,Dealer
1144,155000,Dealer
1145,450000,Individual
1146,220000,Individual
1147,650000,Dealer
1148,285000,Dealer
1149,725000,Dealer
1150,625000,Dealer
1151,550000,Dealer
1152,240000,Dealer
1153,600000,Dealer
1154,350000,Dealer
1155,245000,Dealer
1156,600000,Dealer
1157,2400000,Individual
1158,620000,Dealer
1159,395000,Dealer
1160,635000,Dealer
1161,180000,Dealer
1162,484999,Dealer
1163,110000,Individual
1164,150000,Individual
1165,400000,Individual
1166,200000,Individual
1167,302000,Individual
1168,215000,Individual
1169,155000,Individual
1170,1000000,Individual
1171,550000,Individual
1172,200000,Individual
1173,750000,Individual
1174,90000,Individual
1175,80000,Individual
1176,229999,Individual
1177,350000,Individual
1178,325000,Individual
1179,450000,Individual
1180,250000,Individual
1181,225000,Individual
1182,150000,Individual
1183,110000,Individual
1184,150000,Individual
1185,165000,Individual
1186,610000,Individual
1187,170000,Individual
1188,150000,Individual
1189,300000,Individual
1190,375000,Individual
1191,390000,Individual
1192,600000,Individual
1193,204999,Individual
1194,270000,Individual
1195,375000,Individual
1196,700000,Individual
1197,455000,Individual
1198,375000,Individual
1199,341000,Individual
1200,200000,Individual
1201,450000,Individual
1202,170000,Individual
1203,1900000,Individual
1204,500000,Individual
1205,819999,Individual
1206,351000,Individual
1207,195000,Individual
1208,250000,Individual
1209,120000,Individual
1210,180000,Individual
1211,430000,Individual
1212,75000,Individual
1213,750000,Individual
1214,60000,Individual
1215,1500000,Individual
1216,390000,Individual
1217,630000,Individual
1218,1085000,Individual
1219,190000,Individual
1220,550000,Individual
1221,200000,Individual
1222,165000,Individual
1223,260000,Individual
1224,151000,Individual
1225,780000,Individual
1226,175000,Individual
1227,170000,Dealer
1228,210000,Dealer
1229,90000,Dealer
1230,535000,Dealer
1231,195000,Dealer
1232,140000,Individual
1233,350000,Individual
1234,425000,Individual
1235,300000,Individual
1236,340000,Individual
1237,250000,Dealer
1238,170000,Dealer
1239,315000,Dealer
1240,200000,Individual
1241,300000,Individual
1242,300000,Dealer
1243,380000,Dealer
1244,250000,Dealer
1245,310000,Dealer
1246,260000,Individual
1247,150000,Individual
1248,85000,Individual
1249,280000,Individual
1250,850000,Individual
1251,375000,Individual
1252,125000,Individual
1253,250000,Individual
1254,715000,Individual
1255,220000,Individual
1256,110000,Individual
1257,150000,Individual
1258,300000,Individual
1259,220000,Individual
1260,75000,Individual
1261,100000,Individual
1262,380000,Individual
1263,100000,Individual
1264,480000,Individual
1265,300000,Individual
1266,190000,Individual
1267,190000,Individual
1268,650000,Dealer
1269,300000,Dealer
1270,700000,Dealer
1271,310000,Dealer
1272,500000,Individual
1273,415000,Dealer
1274,395000,Dealer
1275,430000,Dealer
1276,215000,Dealer
1277,550000,Dealer
1278,415000,Dealer
1279,450000,Dealer
1280,285000,Dealer
1281,580000,Dealer
1282,300000,Dealer
1283,1200000,Individual
1284,78000,Individual
1285,65000,Individual
1286,400000,Individual
1287,850000,Individual
1288,450000,Individual
1289,2500000,Individual
1290,780000,Individual
1291,3200000,Individual
1292,350000,Individual
1293,285000,Individual
1294,525000,Dealer
1295,550000,Dealer
1296,580000,Individual
1297,75000,Individual
1298,185000,Individual
1299,110000,Individual
1300,180000,Individual
1301,350000,Individual
1302,60000,Individual
1303,695000,Individual
1304,2700000,Individual
1305,135000,Individual
1306,640000,Individual
1307,160000,Individual
1308,80000,Individual
1309,340000,Individual
1310,110000,Individual
1311,250000,Individual
1312,1300000,Individual
1313,250000,Individual
1314,450000,Individual
1315,240000,Individual
1316,225000,Individual
1317,275000,Individual
1318,320000,Individual
1319,75000,Individual
1320,85000,Individual
1321,90000,Individual
1322,85000,Individual
1323,350000,Individual
1324,355000,Individual
1325,619000,Individual
1326,1700000,Individual
1327,55000,Individual
1328,95000,Individual
1329,300000,Individual
1330,81000,Individual
1331,1000000,Individual
1332,925000,Individual
1333,450000,Individual
1334,600000,Individual
1335,85000,Individual
1336,700000,Individual
1337,486000,Individual
1338,400000,Individual
1339,120000,Individual
1340,275000,Individual
1341,580000,Individual
1342,375000,Individual
1343,229999,Individual
1344,110000,Individual
1345,600000,Individual
1346,120000,Individual
1347,200000,Individual
1348,450000,Individual
1349,550000,Individual
1350,220000,Individual
1351,40000,Individual
1352,300000,Individual
1353,630000,Individual
1354,610000,Individual
1355,660000,Individual
1356,220000,Individual
1357,138000,Individual
1358,210000,Individual
1359,125000,Dealer
1360,125000,Dealer
1361,725000,Individual
1362,170000,Individual
1363,1200000,Individual
1364,70000,Individual
1365,100000,Individual
1366,300000,Individual
1367,450000,Individual
1368,530000,Individual
1369,100000,Individual
1370,350000,Individual
1371,165000,Individual
1372,475000,Individual
1373,350000,Individual
1374,229999,Individual
1375,800000,Individual
1376,475000,Individual
1377,425000,Individual
1378,660000,Individual
1379,610000,Individual
1380,240000,Individual
1381,70000,Individual
1382,550000,Individual
1383,100000,Individual
1384,350000,Individual
1385,200000,Individual
1386,720000,Individual
1387,350000,Individual
1388,400000,Individual
1389,570000,Individual
1390,130000,Individual
1391,210000,Individual
1392,800000,Individual
1393,700000,Individual
1394,200000,Individual
1395,495000,Individual
1396,325000,Dealer
1397,650000,Individual
1398,155000,Individual
1399,75000,Individual
1400,350000,Dealer
1401,90000,Individual
1402,600000,Individual
1403,400000,Individual
1404,370000,Individual
1405,50000,Individual
1406,125000,Individual
1407,1800000,Individual
1408,650000,Individual
1409,800000,Individual
1410,802000,Individual
1411,2300000,Individual
1412,430000,Individual
1413,650000,Individual
1414,170000,Individual
1415,450000,Individual
1416,250000,Individual
1417,550000,Individual
1418,2000000,Individual
1419,140000,Individual
1420,155000,Individual
1421,120000,Individual
1422,287000,Individual
1423,675000,Individual
1424,235000,Individual
1425,300000,Individual
1426,434999,Individual
1427,225000,Individual
1428,160000,Individual
1429,600000,Individual
1430,470000,Individual
1431,300000,Individual
1432,600000,Individual
1433,640000,Individual
1434,50000,Individual
1435,600000,Individual
1436,290000,Individual
1437,600000,Individual
1438,190000,Individual
1439,160000,Individual
1440,325000,Individual
1441,200000,Individual
1442,2800000,Individual
1443,125000,Individual
1444,155000,Individual
1445,550000,Individual
1446,130000,Individual
1447,80000,Individual
1448,500000,Individual
1449,250000,Individual
1450,580000,Individual
1451,60000,Individual
1452,300000,Individual
1453,200000,Individual
1454,1200000,Individual
1455,350000,Individual
1456,600000,Individual
1457,650000,Individual
1458,120000,Individual
1459,180000,Individual
1460,950000,Individual
1461,250999,Individual
1462,385000,Dealer
1463,1250000,Dealer
1464,165000,Individual
1465,700000,Dealer
1466,750000,Dealer
1467,89999,Individual
1468,290000,Dealer
1469,45000,Individual
1470,675000,Dealer
1471,530000,Dealer
1472,1485000,Dealer
1473,325000,Dealer
1474,400000,Dealer
1475,380000,Dealer
1476,750000,Dealer
1477,390000,Dealer
1478,110000,Individual
1479,1825000,Dealer
1480,3256000,Dealer
1481,370000,Dealer
1482,210000,Individual
1483,175000,Individual
1484,575000,Individual
1485,320000,Individual
1486,280000,Individual
1487,500000,Individual
1488,380000,Dealer
1489,120000,Individual
1490,395000,Individual
1491,360000,Individual
1492,451000,Individual
1493,175000,Individual
1494,170000,Individual
1495,100000,Individual
1496,150000,Individual
1497,149000,Individual
1498,160000,Individual
1499,434999,Individual
1500,800000,Individual
1501,819999,Individual
1502,163000,Individual
1503,350000,Individual
1504,75000,Individual
1505,180000,Individual
1506,675000,Individual
1507,400000,Individual
1508,434999,Individual
1509,100000,Individual
1510,419000,Individual
1511,200000,Individual
1512,400000,Individual
1513,790000,Individual
1514,500000,Individual
1515,275000,Individual
1516,450000,Individual
1517,1400000,Dealer
1518,800000,Individual
1519,315000,Dealer
1520,700000,Individual
1521,585000,Dealer
1522,350000,Individual
1523,495000,Dealer
1524,500000,Individual
1525,345000,Dealer
1526,500000,Individual
1527,360000,Dealer
1528,210000,Individual
1529,220000,Dealer
1530,250000,Individual
1531,990000,Dealer
1532,220000,Individual
1533,1800000,Individual
1534,530000,Individual
1535,575000,Individual
1536,400000,Dealer
1537,680000,Individual
1538,1000000,Individual
1539,260000,Individual
1540,150000,Individual
1541,180000,Individual
1542,346000,Individual
1543,450000,Individual
1544,500000,Individual
1545,700000,Individual
1546,280000,Individual
1547,475000,Individual
1548,300000,Individual
1549,200999,Individual
1550,200000,Individual
1551,210000,Individual
1552,160000,Individual
1553,175000,Individual
1554,320000,Individual
1555,110000,Individual
1556,300000,Individual
1557,700000,Individual
1558,135000,Individual
1559,500000,Individual
1560,550000,Individual
1561,1050000,Individual
1562,500000,Individual
1563,180000,Individual
1564,170000,Individual
1565,484999,Individual
1566,150000,Individual
1567,380000,Individual
1568,480000,Individual
1569,135000,Individual
1570,290000,Individual
1571,350000,Individual
1572,110000,Individual
1573,70000,Individual
1574,300000,Individual
1575,180000,Individual
1576,300000,Individual
1577,509000,Individual
1578,650000,Individual
1579,450000,Individual
1580,170000,Individual
1581,210000,Individual
1582,360000,Individual
1583,495000,Individual
1584,105000,Individual
1585,270000,Individual
1586,130000,Individual
1587,700000,Individual
1588,400000,Individual
1589,250000,Individual
1590,325000,Individual
1591,69000,Individual
1592,1380000,Individual
1593,90000,Individual
1594,1000000,Individual
1595,145000,Individual
1596,250000,Individual
1597,256000,Individual
1598,70000,Individual
1599,50000,Individual
1600,240000,Individual
1601,97000,Individual
1602,130000,Individual
1603,199000,Individual
1604,125000,Individual
1605,420000,Individual
1606,525000,Individual
1607,125000,Individual
1608,325000,Individual
1609,330000,Individual
1610,110000,Individual
1611,450000,Individual
1612,85000,Individual
1613,229999,Individual
1614,250000,Individual
1615,650000,Individual
1616,600000,Trustmark Dealer
1617,650000,Trustmark Dealer
1618,750000,Trustmark Dealer
1619,850000,Trustmark Dealer
1620,315000,Trustmark Dealer
1621,415000,Trustmark Dealer
1622,640000,Trustmark Dealer
1623,780000,Trustmark Dealer
1624,2595000,Trustmark Dealer
1625,850000,Trustmark Dealer
1626,900000,Trustmark Dealer
1627,1150000,Trustmark Dealer
1628,75000,Individual
1629,215000,Individual
1630,130000,Individual
1631,400000,Individual
1632,550000,Individual
1633,245000,Dealer
1634,320000,Individual
1635,730000,Individual
1636,120000,Individual
1637,950000,Individual
1638,350000,Individual
1639,100000,Individual
1640,350000,Individual
1641,80000,Individual
1642,370000,Individual
1643,160000,Individual
1644,130000,Individual
1645,250000,Individual
1646,270000,Individual
1647,2600000,Individual
1648,160000,Individual
1649,229999,Individual
1650,750000,Individual
1651,195000,Individual
1652,320000,Individual
1653,1100000,Individual
1654,270000,Individual
1655,300000,Individual
1656,200000,Individual
1657,120000,Individual
1658,95000,Individual
1659,400000,Individual
1660,229999,Individual
1661,430000,Individual
1662,300000,Individual
1663,350000,Individual
1664,450000,Individual
1665,200000,Individual
1666,250000,Individual
1667,368000,Individual
1668,368000,Individual
1669,650000,Individual
1670,150000,Individual
1671,180000,Individual
1672,525000,Individual
1673,350000,Individual
1674,850000,Individual
1675,350000,Individual
1676,75000,Individual
1677,160000,Individual
1678,500000,Individual
1679,130000,Individual
1680,350000,Individual
1681,70000,Individual
1682,750000,Individual
1683,450000,Individual
1684,430000,Individual
1685,260000,Individual
1686,370000,Individual
1687,229999,Individual
1688,140000,Individual
1689,700000,Individual
1690,545000,Individual
1691,200000,Individual
1692,500000,Individual
1693,70000,Individual
1694,580000,Individual
1695,160000,Individual
1696,450000,Individual
1697,160000,Individual
1698,760000,Individual
1699,300000,Individual
1700,50000,Individual
1701,800000,Individual
1702,680000,Individual
1703,85000,Individual
1704,1300000,Individual
1705,500000,Individual
1706,3500000,Individual
1707,145000,Individual
1708,300000,Individual
1709,600000,Individual
1710,400000,Individual
1711,130000,Individual
1712,45000,Individual
1713,641000,Individual
1714,650000,Individual
1715,784000,Dealer
1716,635000,Dealer
1717,1000000,Dealer
1718,495000,Dealer
1719,324000,Individual
1720,2100000,Dealer
1721,200000,Individual
1722,320000,Individual
1723,300000,Individual
1724,180000,Individual
1725,500000,Individual
1726,305000,Individual
1727,125000,Individual
1728,800000,Individual
1729,420000,Individual
1730,875000,Individual
1731,580000,Individual
1732,350000,Individual
1733,120000,Individual
1734,150000,Individual
1735,650000,Individual
1736,225000,Individual
1737,400000,Individual
1738,250000,Individual
1739,120000,Individual
1740,250000,Individual
1741,175000,Individual
1742,450000,Dealer
1743,590000,Dealer
1744,225000,Dealer
1745,900000,Individual
1746,375000,Dealer
1747,320000,Dealer
1748,525000,Dealer
1749,650000,Dealer
1750,575000,Dealer
1751,355000,Dealer
1752,470000,Dealer
1753,221000,Dealer
1754,195000,Dealer
1755,90000,Dealer
1756,580000,Dealer
1757,325000,Dealer
1758,495000,Dealer
1759,290000,Dealer
1760,375000,Dealer
1761,211000,Dealer
1762,270000,Individual
1763,70000,Individual
1764,225000,Individual
1765,420000,Individual
1766,280000,Individual
1767,400000,Individual
1768,850000,Individual
1769,550000,Individual
1770,550000,Individual
1771,1000000,Individual
1772,350000,Individual
1773,350000,Individual
1774,170000,Individual
1775,828999,Dealer
1776,1119000,Dealer
1777,746000,Dealer
1778,1030000,Dealer
1779,1334000,Dealer
1780,811999,Dealer
1781,1331000,Dealer
1782,852000,Dealer
1783,45000,Individual
1784,430000,Individual
1785,140000,Individual
1786,830000,Individual
1787,409999,Individual
1788,190000,Individual
1789,200000,Individual
1790,120000,Individual
1791,850000,Individual
1792,95000,Individual
1793,213000,Individual
1794,660000,Individual
1795,415000,Dealer
1796,1100000,Dealer
1797,650000,Dealer
1798,969999,Individual
1799,1250000,Individual
1800,715000,Individual
1801,715000,Individual
1802,565000,Dealer
1803,615000,Individual
1804,199000,Dealer
1805,325000,Dealer
1806,409999,Individual
1807,500000,Dealer
1808,225000,Dealer
1809,135000,Individual
1810,750000,Individual
1811,155000,Individual
1812,335000,Dealer
1813,114999,Dealer
1814,699000,Dealer
1815,110000,Individual
1816,300000,Individual
1817,700000,Individual
1818,700000,Individual
1819,210000,Individual
1820,600000,Individual
1821,180000,Individual
1822,220000,Individual
1823,70000,Individual
1824,950000,Individual
1825,800000,Individual
1826,700000,Individual
1827,265000,Individual
1828,175000,Individual
1829,260000,Individual
1830,950000,Individual
1831,250000,Individual
1832,630000,Individual
1833,35000,Individual
1834,450000,Dealer
1835,3800000,Dealer
1836,1580000,Dealer
1837,4950000,Dealer
1838,535000,Individual
1839,225000,Individual
1840,550000,Dealer
1841,670000,Trustmark Dealer
1842,625000,Trustmark Dealer
1843,520000,Dealer
1844,239000,Dealer
1845,2600000,Trustmark Dealer
1846,750000,Trustmark Dealer
1847,229999,Dealer
1848,1300000,Dealer
1849,80000,Dealer
1850,385000,Dealer
1851,760000,Trustmark Dealer
1852,600000,Trustmark Dealer
1853,330000,Individual
1854,150000,Individual
1855,105000,Individual
1856,185000,Individual
1857,260000,Individual
1858,450000,Individual
1859,500000,Individual
1860,260000,Individual
1861,265000,Individual
1862,800000,Individual
1863,869999,Individual
1864,690000,Individual
1865,825000,Individual
1866,160000,Individual
1867,300000,Individual
1868,100000,Individual
1869,530000,Individual
1870,360000,Individual
1871,220000,Individual
1872,178000,Individual
1873,515000,Individual
1874,300000,Individual
1875,105000,Individual
1876,185000,Individual
1877,150000,Individual
1878,260000,Individual
1879,450000,Individual
1880,500000,Individual
1881,260000,Individual
1882,265000,Individual
1883,750000,Individual
1884,800000,Individual
1885,869999,Individual
1886,950000,Individual
1887,690000,Individual
1888,825000,Individual
1889,170000,Individual
1890,160000,Individual
1891,300000,Individual
1892,315000,Individual
1893,90000,Individual
1894,100000,Individual
1895,65000,Individual
1896,312000,Individual
1897,700000,Individual
1898,150000,Individual
1899,450000,Individual
1900,229999,Individual
1901,111000,Individual
1902,250000,Individual
1903,750000,Dealer
1904,774000,Dealer
1905,711000,Dealer
1906,600000,Dealer
1907,455000,Dealer
1908,225000,Dealer
1909,650000,Individual
1910,200000,Individual
1911,875000,Individual
1912,750000,Individual
1913,725000,Individual
1914,100000,Individual
1915,1100000,Individual
1916,2700000,Individual
1917,280000,Individual
1918,150000,Individual
1919,200000,Individual
1920,148000,Individual
1921,254999,Individual
1922,360000,Individual
1923,95000,Individual
1924,185000,Individual
1925,185000,Individual
1926,300000,Individual
1927,800000,Individual
1928,60000,Individual
1929,80000,Individual
1930,500000,Individual
1931,250000,Individual
1932,250000,Individual
1933,125000,Individual
1934,100000,Individual
1935,480000,Individual
1936,320000,Individual
1937,130000,Individual
1938,57000,Individual
1939,75000,Individual
1940,60000,Individual
1941,125000,Individual
1942,105000,Individual
1943,125000,Individual
1944,69000,Individual
1945,130000,Individual
1946,630000,Individual
1947,330000,Individual
1948,340000,Individual
1949,60000,Individual
1950,550000,Individual
1951,480000,Individual
1952,315000,Individual
1953,165000,Individual
1954,170000,Individual
1955,550000,Individual
1956,465000,Individual
1957,120000,Individual
1958,220000,Individual
1959,180000,Individual
1960,150000,Individual
1961,520000,Individual
1962,430000,Individual
1963,300000,Individual
1964,1000000,Individual
1965,725000,Individual
1966,500000,Individual
1967,250000,Individual
1968,700000,Individual
1969,185000,Individual
1970,200000,Individual
1971,315000,Individual
1972,1100000,Individual
1973,52000,Individual
1974,600000,Individual
1975,1700000,Individual
1976,451000,Individual
1977,370000,Individual
1978,2700000,Individual
1979,280000,Individual
1980,350000,Individual
1981,250000,Individual
1982,204999,Individual
1983,500000,Individual
1984,150000,Individual
1985,175000,Individual
1986,170000,Individual
1987,200000,Individual
1988,800000,Individual
1989,1200000,Individual
1990,400000,Individual
1991,148000,Individual
1992,200000,Individual
1993,284000,Individual
1994,80000,Individual
1995,170000,Individual
1996,150000,Individual
1997,110000,Individual
1998,400000,Individual
1999,275000,Individual
2000,800000,Individual
2001,550000,Individual
2002,125000,Individual
2003,135000,Individual
2004,349000,Individual
2005,458000,Individual
2006,300000,Individual
2007,95000,Individual
2008,850000,Individual
2009,750000,Individual
2010,190000,Individual
2011,150000,Individual
2012,114999,Individual
2013,320000,Individual
2014,300000,Individual
2015,275000,Individual
2016,140000,Individual
2017,830000,Individual
2018,380000,Individual
2019,150000,Individual
2020,50000,Individual
2021,155000,Individual
2022,155000,Individual
2023,300000,Individual
2024,300000,Dealer
2025,385000,Dealer
2026,221000,Dealer
2027,381000,Dealer
2028,250999,Dealer
2029,60000,Individual
2030,380000,Dealer
2031,180000,Individual
2032,751000,Dealer
2033,1250000,Dealer
2034,229999,Dealer
2035,1250000,Individual
2036,782000,Dealer
2037,780000,Dealer
2038,245000,Dealer
2039,321000,Dealer
2040,509999,Dealer
2041,110000,Dealer
2042,400000,Dealer
2043,370000,Individual
2044,175000,Individual
2045,1000000,Individual
2046,92800,Individual
2047,291000,Individual
2048,92800,Individual
2049,335000,Individual
2050,170000,Individual
2051,295000,Individual
2052,375000,Individual
2053,215000,Individual
2054,150000,Individual
2055,60000,Individual
2056,52000,Individual
2057,80000,Individual
2058,140000,Individual
2059,120000,Individual
2060,110000,Individual
2061,280000,Individual
2062,450000,Individual
2063,1150000,Individual
2064,650000,Individual
2065,300000,Individual
2066,73000,Individual
2067,400000,Individual
2068,300000,Individual
2069,300000,Individual
2070,450000,Individual
2071,200000,Individual
2072,580000,Individual
2073,550000,Individual
2074,190000,Individual
2075,450000,Individual
2076,220000,Individual
2077,310000,Dealer
2078,650000,Individual
2079,300000,Dealer
2080,200000,Individual
2081,285000,Dealer
2082,335000,Dealer
2083,370000,Individual
2084,375000,Dealer
2085,235000,Dealer
2086,345000,Dealer
2087,365000,Dealer
2088,400000,Individual
2089,250000,Individual
2090,465000,Dealer
2091,300000,Individual
2092,655000,Individual
2093,350000,Individual
2094,500000,Dealer
2095,465000,Dealer
2096,263000,Individual
2097,250000,Individual
2098,60000,Individual
2099,70000,Individual
2100,250000,Individual
2101,229999,Individual
2102,195000,Individual
2103,270000,Individual
2104,650000,Individual
2105,370000,Individual
2106,509999,Individual
2107,280000,Individual
2108,180000,Individual
2109,300000,Individual
2110,400000,Individual
2111,210000,Individual
2112,90000,Individual
2113,222000,Individual
2114,240000,Individual
2115,450000,Individual
2116,650000,Individual
2117,200000,Dealer
2118,210000,Dealer
2119,75000,Dealer
2120,450000,Dealer
2121,220000,Dealer
2122,325000,Dealer
2123,450000,Individual
2124,825000,Individual
2125,125000,Dealer
2126,434999,Individual
2127,484999,Individual
2128,175000,Individual
2129,220000,Individual
2130,1250000,Dealer
2131,215000,Dealer
2132,625000,Dealer
2133,615000,Individual
2134,130000,Dealer
2135,175000,Individual
2136,150000,Individual
2137,195000,Individual
2138,550000,Individual
2139,1500000,Individual
2140,400000,Individual
2141,1350000,Individual
2142,217000,Individual
2143,290000,Individual
2144,700000,Individual
2145,175000,Individual
2146,575000,Individual
2147,380000,Individual
2148,350000,Individual
2149,450000,Individual
2150,130000,Individual
2151,320000,Individual
2152,550000,Individual
2153,370000,Individual
2154,114999,Individual
2155,1100000,Individual
2156,170000,Individual
2157,80000,Individual
2158,950000,Individual
2159,425000,Individual
2160,500000,Individual
2161,70000,Individual
2162,349000,Individual
2163,330000,Individual
2164,120000,Individual
2165,430000,Individual
2166,390000,Individual
2167,225000,Individual
2168,350000,Individual
2169,100000,Individual
2170,190000,Individual
2171,315000,Individual
2172,300000,Individual
2173,280000,Individual
2174,1650000,Dealer
2175,295000,Dealer
2176,2050000,Dealer
2177,1475000,Dealer
2178,1100000,Individual
2179,4400000,Individual
2180,670000,Trustmark Dealer
2181,750000,Trustmark Dealer
2182,760000,Trustmark Dealer
2183,850000,Dealer
2184,390000,Trustmark Dealer
2185,450000,Trustmark Dealer
2186,425000,Trustmark Dealer
2187,770000,Trustmark Dealer
2188,1150000,Trustmark Dealer
2189,775000,Trustmark Dealer
2190,720000,Individual
2191,1725000,Dealer
2192,539000,Individual
2193,420000,Individual
2194,85000,Individual
2195,142000,Individual
2196,180000,Individual
2197,400000,Individual
2198,360000,Individual
2199,85000,Individual
2200,350000,Individual
2201,380000,Individual
2202,140000,Individual
2203,200000,Individual
2204,150000,Individual
2205,150000,Individual
2206,90000,Individual
2207,300000,Individual
2208,280000,Individual
2209,200000,Individual
2210,110000,Individual
2211,140000,Individual
2212,1050000,Individual
2213,1150000,Dealer
2214,910000,Dealer
2215,160000,Dealer
2216,105000,Individual
2217,1200000,Individual
2218,300000,Individual
2219,70000,Individual
2220,160000,Individual
2221,160000,Individual
2222,225000,Individual
2223,790000,Dealer
2224,145000,Individual
2225,1200000,Dealer
2226,930000,Individual
2227,210000,Individual
2228,110000,Individual
2229,175000,Individual
2230,950000,Individual
2231,650000,Individual
2232,550000,Individual
2233,85000,Individual
2234,340000,Individual
2235,825000,Individual
2236,509999,Individual
2237,450000,Dealer
2238,3800000,Dealer
2239,1580000,Dealer
2240,4950000,Dealer
2241,535000,Individual
2242,225000,Individual
2243,550000,Dealer
2244,670000,Trustmark Dealer
2245,625000,Trustmark Dealer
2246,520000,Dealer
2247,239000,Dealer
2248,2600000,Trustmark Dealer
2249,750000,Trustmark Dealer
2250,229999,Dealer
2251,1300000,Dealer
2252,80000,Dealer
2253,385000,Dealer
2254,760000,Trustmark Dealer
2255,600000,Trustmark Dealer
2256,450000,Dealer
2257,3800000,Dealer
2258,1580000,Dealer
2259,4950000,Dealer
2260,535000,Individual
2261,225000,Individual
2262,550000,Dealer
2263,670000,Trustmark Dealer
2264,625000,Trustmark Dealer
2265,520000,Dealer
2266,239000,Dealer
2267,2600000,Trustmark Dealer
2268,750000,Trustmark Dealer
2269,229999,Dealer
2270,1300000,Dealer
2271,80000,Dealer
2272,385000,Dealer
2273,760000,Trustmark Dealer
2274,600000,Trustmark Dealer
2275,650000,Individual
2276,140000,Individual
2277,150000,Individual
2278,450000,Individual
2279,170000,Individual
2280,400000,Individual
2281,300000,Individual
2282,250000,Individual
2283,500000,Individual
2284,85000,Individual
2285,300000,Individual
2286,80000,Dealer
2287,740000,Dealer
2288,70000,Dealer
2289,484999,Dealer
2290,164000,Individual
2291,140000,Individual
2292,999000,Dealer
2293,56000,Individual
2294,1050000,Dealer
2295,190000,Dealer
2296,3899000,Dealer
2297,235000,Dealer
2298,350000,Dealer
2299,465000,Dealer
2300,1900000,Dealer
2301,450000,Dealer
2302,790000,Dealer
2303,900000,Individual
2304,450000,Dealer
2305,135000,Individual
2306,425000,Individual
2307,100000,Individual
2308,650000,Individual
2309,90000,Individual
2310,250000,Individual
2311,300000,Individual
2312,275000,Individual
2313,600000,Individual
2314,270000,Individual
2315,240000,Individual
2316,1200000,Individual
2317,160000,Individual
2318,790000,Dealer
2319,1200000,Dealer
2320,175000,Individual
2321,950000,Individual
2322,340000,Individual
2323,825000,Individual
2324,3100000,Individual
2325,780000,Dealer
2326,350000,Individual
2327,690000,Dealer
2328,245000,Individual
2329,790000,Dealer
2330,680000,Dealer
2331,540000,Individual
2332,425000,Individual
2333,140000,Individual
2334,1100000,Individual
2335,715000,Individual
2336,370000,Individual
2337,175000,Individual
2338,1000000,Individual
2339,92800,Individual
2340,291000,Individual
2341,92800,Individual
2342,350000,Individual
2343,65000,Dealer
2344,650000,Individual
2345,350000,Dealer
2346,75000,Individual
2347,440000,Dealer
2348,270000,Individual
2349,1150000,Dealer
2350,238000,Dealer
2351,1100000,Individual
2352,1200000,Dealer
2353,260000,Individual
2354,350000,Individual
2355,480000,Individual
2356,345000,Individual
2357,500000,Individual
2358,595000,Dealer
2359,1295000,Dealer
2360,1350000,Dealer
2361,541000,Dealer
2362,515000,Dealer
2363,894999,Dealer
2364,325000,Dealer
2365,925000,Individual
2366,844999,Individual
2367,925000,Individual
2368,300000,Individual
2369,650000,Individual
2370,175000,Dealer
2371,325000,Individual
2372,600000,Individual
2373,700000,Individual
2374,95000,Individual
2375,490000,Dealer
2376,380000,Individual
2377,550000,Dealer
2378,225000,Dealer
2379,570000,Individual
2380,305000,Dealer
2381,240000,Dealer
2382,700000,Dealer
2383,288000,Dealer
2384,800000,Dealer
2385,430000,Dealer
2386,195000,Dealer
2387,325000,Dealer
2388,450000,Dealer
2389,630000,Dealer
2390,250000,Dealer
2391,135000,Dealer
2392,110000,Individual
2393,350000,Dealer
2394,240000,Individual
2395,350000,Individual
2396,600000,Individual
2397,750000,Individual
2398,270000,Individual
2399,90000,Individual
2400,350000,Individual
2401,285000,Individual
2402,665000,Individual
2403,175000,Individual
2404,350000,Individual
2405,1225000,Dealer
2406,285000,Dealer
2407,1000000,Dealer
2408,780000,Dealer
2409,300000,Dealer
2410,160000,Dealer
2411,625000,Dealer
2412,265000,Individual
2413,515000,Individual
2414,210000,Individual
2415,140000,Individual
2416,940000,Individual
2417,750000,Individual
2418,610000,Individual
2419,450000,Individual
2420,409999,Individual
2421,100000,Individual
2422,650000,Individual
2423,650000,Individual
2424,150000,Individual
2425,500000,Individual
2426,1000000,Individual
2427,340000,Individual
2428,800000,Individual
2429,1010000,Individual
2430,350000,Individual
2431,595000,Individual
2432,700000,Individual
2433,265000,Individual
2434,320000,Individual
2435,310000,Individual
2436,700000,Individual
2437,130000,Individual
2438,150000,Individual
2439,300000,Individual
2440,150000,Individual
2441,120000,Individual
2442,950000,Individual
2443,100000,Individual
2444,450000,Individual
2445,30000,Individual
2446,200000,Individual
2447,250000,Individual
2448,1300000,Individual
2449,425000,Dealer
2450,550000,Dealer
2451,500000,Individual
2452,1150000,Dealer
2453,475000,Dealer
2454,260000,Dealer
2455,350000,Individual
2456,750000,Dealer
2457,180000,Dealer
2458,350000,Dealer
2459,611000,Dealer
2460,325000,Dealer
2461,280000,Dealer
2462,300000,Dealer
2463,711000,Dealer
2464,851000,Dealer
2465,260000,Dealer
2466,550000,Dealer
2467,1044999,Dealer
2468,550000,Dealer
2469,210000,Individual
2470,210000,Individual
2471,290000,Individual
2472,250999,Individual
2473,600000,Individual
2474,270000,Individual
2475,550000,Individual
2476,800000,Individual
2477,500000,Individual
2478,535000,Individual
2479,396000,Dealer
2480,600000,Individual
2481,575000,Dealer
2482,520000,Individual
2483,1400000,Individual
2484,600000,Individual
2485,195000,Dealer
2486,281000,Dealer
2487,75000,Individual
2488,400000,Individual
2489,93000,Individual
2490,560000,Dealer
2491,400000,Individual
2492,459999,Individual
2493,450000,Individual
2494,88000,Dealer
2495,250000,Individual
2496,22000,Dealer
2497,130000,Individual
2498,79000,Individual
2499,120000,Individual
2500,1700000,Individual
2501,300000,Individual
2502,300000,Individual
2503,145000,Individual
2504,3200000,Individual
2505,240000,Individual
2506,700000,Individual
2507,145000,Individual
2508,535000,Individual
2509,420000,Individual
2510,350000,Individual
2511,550000,Individual
2512,750000,Individual
2513,198000,Individual
2514,420000,Individual
2515,420000,Individual
2516,195000,Individual
2517,150000,Individual
2518,275000,Individual
2519,65000,Individual
2520,200000,Individual
2521,250000,Individual
2522,450000,Dealer
2523,590000,Dealer
2524,225000,Individual
2525,225000,Dealer
2526,165000,Individual
2527,860000,Individual
2528,900000,Individual
2529,182000,Individual
2530,100000,Individual
2531,100000,Individual
2532,375000,Dealer
2533,525000,Dealer
2534,320000,Dealer
2535,525000,Dealer
2536,650000,Dealer
2537,575000,Dealer
2538,355000,Dealer
2539,470000,Dealer
2540,221000,Dealer
2541,195000,Dealer
2542,85000,Individual
2543,400000,Individual
2544,650000,Individual
2545,400000,Individual
2546,295000,Individual
2547,60000,Individual
2548,110000,Individual
2549,550000,Individual
2550,190000,Individual
2551,861999,Dealer
2552,782000,Dealer
2553,836000,Dealer
2554,696000,Dealer
2555,596000,Dealer
2556,612000,Dealer
2557,114999,Individual
2558,340000,Individual
2559,550000,Individual
2560,114999,Individual
2561,105000,Individual
2562,890000,Individual
2563,715000,Individual
2564,525000,Dealer
2565,735000,Dealer
2566,495000,Dealer
2567,1025000,Dealer
2568,750000,Individual
2569,600000,Individual
2570,475000,Dealer
2571,80000,Dealer
2572,325000,Dealer
2573,1470000,Dealer
2574,350000,Individual
2575,2800000,Dealer
2576,210000,Dealer
2577,349000,Dealer
2578,450000,Individual
2579,1150000,Dealer
2580,210000,Dealer
2581,4500000,Dealer
2582,825000,Dealer
2583,2750000,Individual
2584,160000,Individual
2585,550000,Individual
2586,95000,Individual
2587,725000,Individual
2588,670000,Individual
2589,65000,Individual
2590,500000,Individual
2591,600000,Individual
2592,350000,Individual
2593,200000,Individual
2594,110000,Individual
2595,150000,Individual
2596,75000,Individual
2597,350000,Individual
2598,1700000,Individual
2599,890000,Individual
2600,500000,Individual
2601,600000,Individual
2602,99000,Individual
2603,235000,Individual
2604,75000,Individual
2605,600000,Individual
2606,1000000,Individual
2607,390000,Individual
2608,600000,Individual
2609,600000,Individual
2610,730000,Individual
2611,450000,Individual
2612,250000,Individual
2613,1400000,Individual
2614,300000,Individual
2615,800000,Individual
2616,125000,Individual
2617,2600000,Individual
2618,300000,Individual
2619,295000,Individual
2620,650000,Dealer
2621,200000,Dealer
2622,130000,Dealer
2623,250000,Dealer
2624,400000,Dealer
2625,430000,Dealer
2626,170000,Individual
2627,450000,Individual
2628,350000,Individual
2629,130000,Dealer
2630,180000,Dealer
2631,475000,Dealer
2632,470000,Dealer
2633,200000,Dealer
2634,650000,Dealer
2635,400000,Individual
2636,100000,Individual
2637,409999,Individual
2638,640000,Individual
2639,160000,Individual
2640,182000,Individual
2641,750000,Individual
2642,150000,Individual
2643,80000,Individual
2644,240000,Individual
2645,60000,Individual
2646,70000,Individual
2647,285000,Individual
2648,350000,Individual
2649,699000,Individual
2650,275000,Individual
2651,350000,Individual
2652,135000,Individual
2653,325000,Individual
2654,650000,Individual
2655,300000,Individual
2656,1200000,Individual
2657,450000,Dealer
2658,425000,Individual
2659,150000,Individual
2660,290000,Individual
2661,335000,Individual
2662,120000,Dealer
2663,20000,Individual
2664,250000,Individual
2665,120000,Individual
2666,250000,Individual
2667,220000,Individual
2668,61000,Individual
2669,620000,Individual
2670,425000,Individual
2671,85000,Individual
2672,270000,Individual
2673,180000,Individual
2674,300000,Individual
2675,800000,Individual
2676,125000,Individual
2677,450000,Individual
2678,450000,Individual
2679,250000,Individual
2680,725000,Individual
2681,250000,Individual
2682,99000,Individual
2683,350000,Individual
2684,511000,Individual
2685,300000,Individual
2686,1100000,Individual
2687,125000,Individual
2688,500000,Individual
2689,385000,Individual
2690,350000,Individual
2691,60000,Individual
2692,300000,Individual
2693,400000,Individual
2694,550000,Individual
2695,300000,Individual
2696,250000,Individual
2697,800000,Individual
2698,300000,Individual
2699,80000,Individual
2700,1200000,Individual
2701,355000,Individual
2702,520000,Individual
2703,500000,Individual
2704,114999,Individual
2705,1800000,Individual
2706,800000,Individual
2707,105000,Individual
2708,135000,Individual
2709,170000,Individual
2710,550000,Individual
2711,250000,Individual
2712,650000,Individual
2713,210000,Individual
2714,260000,Individual
2715,750000,Individual
2716,1350000,Individual
2717,220000,Individual
2718,110000,Individual
2719,1230000,Individual
2720,220000,Individual
2721,130000,Individual
2722,330000,Individual
2723,254999,Individual
2724,600000,Individual
2725,210000,Individual
2726,300000,Individual
2727,426000,Individual
2728,265000,Individual
2729,450000,Individual
2730,480000,Individual
2731,40000,Individual
2732,395000,Individual
2733,229999,Individual
2734,875000,Individual
2735,170000,Individual
2736,500000,Individual
2737,450000,Dealer
2738,3800000,Dealer
2739,1580000,Dealer
2740,4950000,Dealer
2741,535000,Individual
2742,225000,Individual
2743,550000,Dealer
2744,670000,Trustmark Dealer
2745,625000,Trustmark Dealer
2746,520000,Dealer
2747,239000,Dealer
2748,2600000,Trustmark Dealer
2749,750000,Trustmark Dealer
2750,229999,Dealer
2751,1300000,Dealer
2752,80000,Dealer
2753,385000,Dealer
2754,760000,Trustmark Dealer
2755,600000,Trustmark Dealer
2756,450000,Individual
2757,450000,Individual
2758,550000,Individual
2759,200000,Individual
2760,80000,Individual
2761,300000,Individual
2762,675000,Individual
2763,260000,Individual
2764,500000,Individual
2765,150000,Individual
2766,100000,Individual
2767,70000,Individual
2768,100000,Individual
2769,730000,Individual
2770,525000,Individual
2771,525000,Individual
2772,550000,Individual
2773,420000,Individual
2774,500000,Individual
2775,165000,Individual
2776,650000,Individual
2777,195000,Individual
2778,75000,Individual
2779,100000,Individual
2780,1770000,Individual
2781,90000,Individual
2782,515000,Individual
2783,700000,Dealer
2784,62000,Individual
2785,220000,Individual
2786,520000,Individual
2787,170000,Individual
2788,190000,Individual
2789,150000,Individual
2790,125000,Individual
2791,290000,Individual
2792,490000,Individual
2793,434999,Individual
2794,380000,Individual
2795,200000,Individual
2796,495000,Individual
2797,894999,Individual
2798,600000,Individual
2799,300000,Individual
2800,430000,Individual
2801,370000,Individual
2802,750000,Individual
2803,300000,Individual
2804,700000,Individual
2805,100000,Individual
2806,300000,Individual
2807,130000,Individual
2808,650000,Individual
2809,509999,Individual
2810,1000000,Individual
2811,280000,Individual
2812,600000,Individual
2813,210000,Individual
2814,1150000,Individual
2815,229999,Individual
2816,245000,Individual
2817,600000,Individual
2818,375000,Individual
2819,150000,Individual
2820,1450000,Individual
2821,500000,Individual
2822,75000,Individual
2823,225000,Individual
2824,275000,Individual
2825,620000,Individual
2826,600000,Individual
2827,275000,Individual
2828,125000,Individual
2829,80000,Individual
2830,199000,Individual
2831,440000,Individual
2832,250000,Individual
2833,700000,Individual
2834,450000,Individual
2835,240000,Individual
2836,350000,Individual
2837,650000,Dealer
2838,71000,Individual
2839,400000,Individual
2840,130000,Individual
2841,300000,Individual
2842,1100000,Individual
2843,2200000,Individual
2844,800000,Dealer
2845,490000,Individual
2846,836000,Dealer
2847,375000,Individual
2848,1249000,Dealer
2849,1240000,Dealer
2850,35000,Individual
2851,1068000,Dealer
2852,1189000,Dealer
2853,700000,Individual
2854,350000,Individual
2855,254999,Individual
2856,229999,Individual
2857,750000,Individual
2858,325000,Individual
2859,760000,Individual
2860,509999,Individual
2861,363000,Individual
2862,229999,Individual
2863,290000,Individual
2864,550000,Individual
2865,125000,Individual
2866,2000000,Individual
2867,350000,Individual
2868,390000,Individual
2869,260000,Individual
2870,150000,Individual
2871,85000,Individual
2872,280000,Individual
2873,220000,Individual
2874,140000,Individual
2875,370000,Individual
2876,650000,Individual
2877,280000,Individual
2878,540000,Individual
2879,50000,Individual
2880,800000,Individual
2881,515000,Individual
2882,220000,Individual
2883,525000,Dealer
2884,165000,Dealer
2885,221000,Dealer
2886,245000,Dealer
2887,260000,Dealer
2888,550000,Dealer
2889,434999,Dealer
2890,450000,Dealer
2891,290000,Individual
2892,305000,Dealer
2893,265000,Dealer
2894,325000,Dealer
2895,550000,Dealer
2896,105000,Individual
2897,275000,Dealer
2898,434999,Dealer
2899,690000,Dealer
2900,249000,Dealer
2901,204999,Dealer
2902,200000,Individual
2903,190000,Individual
2904,150000,Individual
2905,70000,Individual
2906,900000,Individual
2907,950000,Individual
2908,475000,Individual
2909,55000,Individual
2910,450000,Individual
2911,1200000,Individual
2912,300000,Individual
2913,350000,Individual
2914,229999,Individual
2915,821000,Individual
2916,200000,Individual
2917,1000000,Individual
2918,220000,Individual
2919,459999,Dealer
2920,310000,Individual
2921,815000,Individual
2922,1200000,Individual
2923,170000,Individual
2924,1000000,Individual
2925,155000,Individual
2926,400000,Individual
2927,400000,Individual
2928,250000,Individual
2929,150000,Individual
2930,80000,Individual
2931,130000,Individual
2932,325000,Individual
2933,735000,Dealer
2934,285000,Dealer
2935,350000,Dealer
2936,290000,Dealer
2937,890000,Dealer
2938,385000,Dealer
2939,425000,Dealer
2940,525000,Dealer
2941,550000,Dealer
2942,271000,Dealer
2943,1490000,Dealer
2944,490000,Dealer
2945,260000,Dealer
2946,455000,Dealer
2947,75000,Dealer
2948,421000,Dealer
2949,550000,Dealer
2950,330000,Dealer
2951,390000,Dealer
2952,599000,Dealer
2953,738000,Individual
2954,300000,Individual
2955,150000,Individual
2956,440000,Individual
2957,280000,Individual
2958,100000,Individual
2959,150000,Individual
2960,380000,Individual
2961,90000,Individual
2962,300000,Individual
2963,275000,Individual
2964,180000,Individual
2965,225000,Individual
2966,200000,Individual
2967,500000,Individual
2968,300000,Individual
2969,765000,Individual
2970,650000,Individual
2971,380000,Individual
2972,480000,Individual
2973,200000,Individual
2974,380000,Individual
2975,145000,Individual
2976,280000,Individual
2977,254999,Individual
2978,300000,Individual
2979,480000,Individual
2980,850000,Individual
2981,350000,Individual
2982,650000,Individual
2983,650000,Individual
2984,550000,Individual
2985,300000,Individual
2986,150000,Individual
2987,300000,Individual
2988,80000,Individual
2989,200000,Individual
2990,220000,Individual
2991,68000,Individual
2992,180000,Individual
2993,290000,Individual
2994,300000,Individual
2995,600000,Dealer
2996,470000,Individual
2997,150000,Individual
2998,400000,Individual
2999,110000,Individual
3000,180000,Dealer
3001,250000,Individual
3002,80000,Individual
3003,875000,Individual
3004,425000,Individual
3005,300000,Individual
3006,700000,Individual
3007,130000,Individual
3008,1000000,Individual
3009,650000,Individual
3010,400000,Individual
3011,800000,Individual
3012,675000,Individual
3013,210000,Individual
3014,150000,Individual
3015,45000,Individual
3016,516000,Individual
3017,450000,Individual
3018,134000,Individual
3019,509999,Individual
3020,500000,Individual
3021,130000,Individual
3022,575000,Individual
3023,550000,Individual
3024,145000,Individual
3025,347000,Individual
3026,275000,Individual
3027,630000,Individual
3028,160000,Individual
3029,150000,Individual
3030,550000,Individual
3031,349000,Individual
3032,229999,Individual
3033,110000,Individual
3034,110000,Individual
3035,245000,Individual
3036,180000,Individual
3037,290000,Individual
3038,250000,Individual
3039,150000,Individual
3040,55000,Individual
3041,500000,Individual
3042,290000,Individual
3043,400000,Individual
3044,72000,Individual
3045,250000,Individual
3046,575000,Individual
3047,1300000,Individual
3048,425000,Individual
3049,470000,Individual
3050,220000,Individual
3051,310000,Individual
3052,400000,Dealer
3053,215000,Individual
3054,310000,Individual
3055,750000,Individual
3056,204999,Individual
3057,260000,Individual
3058,180000,Individual
3059,125000,Individual
3060,420000,Individual
3061,220000,Individual
3062,200000,Individual
3063,130000,Individual
3064,335000,Dealer
3065,2650000,Dealer
3066,2675000,Dealer
3067,2675000,Dealer
3068,434999,Dealer
3069,500000,Individual
3070,290000,Individual
3071,475000,Dealer
3072,270000,Individual
3073,600000,Individual
3074,300000,Individual
3075,415000,Individual
3076,800000,Individual
3077,420000,Individual
3078,1250000,Individual
3079,270000,Individual
3080,390000,Individual
3081,400000,Individual
3082,100000,Individual
3083,850000,Individual
3084,359000,Individual
3085,470000,Dealer
3086,360000,Dealer
3087,250999,Individual
3088,45000,Individual
3089,75000,Individual
3090,495000,Dealer
3091,310000,Dealer
3092,540000,Dealer
3093,665000,Dealer
3094,425000,Dealer
3095,1295000,Dealer
3096,675000,Dealer
3097,980000,Individual
3098,320000,Individual
3099,250000,Individual
3100,600000,Individual
3101,300000,Individual
3102,305000,Individual
3103,270000,Individual
3104,300000,Individual
3105,106000,Individual
3106,90000,Individual
3107,539000,Individual
3108,110000,Individual
3109,250000,Individual
3110,300000,Individual
3111,707000,Individual
3112,95000,Individual
3113,495000,Individual
3114,200000,Individual
3115,110000,Individual
3116,100000,Individual
3117,150000,Individual
3118,509999,Individual
3119,50000,Individual
3120,85000,Individual
3121,475000,Individual
3122,425000,Individual
3123,480000,Individual
3124,950000,Individual
3125,535000,Individual
3126,325000,Individual
3127,270000,Individual
3128,300000,Individual
3129,325000,Individual
3130,350000,Individual
3131,229999,Individual
3132,325000,Individual
3133,70000,Individual
3134,190000,Individual
3135,345000,Individual
3136,1025000,Individual
3137,120000,Individual
3138,114999,Individual
3139,300000,Individual
3140,340000,Dealer
3141,90000,Individual
3142,150000,Individual
3143,115999,Individual
3144,425000,Dealer
3145,550000,Dealer
3146,500000,Individual
3147,300000,Individual
3148,1150000,Dealer
3149,475000,Dealer
3150,260000,Dealer
3151,350000,Individual
3152,750000,Dealer
3153,350000,Dealer
3154,180000,Dealer
3155,611000,Dealer
3156,325000,Dealer
3157,225000,Dealer
3158,300000,Dealer
3159,400000,Individual
3160,711000,Dealer
3161,851000,Dealer
3162,375000,Dealer
3163,275000,Individual
3164,120000,Individual
3165,350000,Individual
3166,409999,Individual
3167,500000,Individual
3168,220000,Individual
3169,120000,Individual
3170,70000,Individual
3171,800000,Individual
3172,450000,Individual
3173,525000,Individual
3174,300000,Individual
3175,195000,Individual
3176,130000,Individual
3177,300000,Individual
3178,120000,Individual
3179,450000,Individual
3180,160000,Individual
3181,800000,Individual
3182,100000,Individual
3183,825000,Dealer
3184,265000,Dealer
3185,175000,Dealer
3186,250999,Dealer
3187,471000,Dealer
3188,650000,Individual
3189,650000,Individual
3190,225000,Dealer
3191,245000,Dealer
3192,221000,Dealer
3193,271000,Dealer
3194,290000,Dealer
3195,525000,Dealer
3196,377000,Dealer
3197,95000,Dealer
3198,763000,Dealer
3199,450000,Dealer
3200,140000,Dealer
3201,701000,Dealer
3202,277000,Dealer
3203,520000,Individual
3204,550000,Individual
3205,260000,Individual
3206,420000,Individual
3207,35000,Individual
3208,1150000,Individual
3209,680000,Individual
3210,425000,Individual
3211,450000,Individual
3212,590000,Individual
3213,936999,Individual
3214,420000,Individual
3215,450000,Individual
3216,40000,Individual
3217,520000,Individual
3218,80000,Individual
3219,55000,Individual
3220,80000,Individual
3221,210000,Individual
3222,300000,Individual
3223,260000,Individual
3224,250000,Individual
3225,80000,Individual
3226,450000,Individual
3227,310000,Individual
3228,500000,Individual
3229,800000,Individual
3230,840000,Individual
3231,490000,Individual
3232,125000,Individual
3233,400000,Individual
3234,1000000,Dealer
3235,530000,Dealer
3236,840000,Dealer
3237,229999,Individual
3238,40000,Individual
3239,130000,Individual
3240,200000,Individual
3241,120000,Individual
3242,75000,Individual
3243,250000,Individual
3244,100000,Individual
3245,280000,Individual
3246,540000,Individual
3247,700000,Individual
3248,350000,Individual
3249,320000,Individual
3250,475000,Individual
3251,220000,Individual
3252,210000,Individual
3253,61000,Individual
3254,355000,Individual
3255,150000,Individual
3256,133000,Individual
3257,650000,Individual
3258,210000,Individual
3259,130000,Individual
3260,60000,Individual
3261,120000,Individual
3262,2900000,Individual
3263,100000,Individual
3264,79000,Individual
3265,120000,Individual
3266,125000,Dealer
3267,425000,Dealer
3268,70000,Individual
3269,619000,Individual
3270,415000,Dealer
3271,265000,Dealer
3272,70000,Individual
3273,281000,Individual
3274,211000,Individual
3275,550000,Individual
3276,350000,Individual
3277,420000,Dealer
3278,270000,Dealer
3279,399000,Dealer
3280,440000,Dealer
3281,250000,Dealer
3282,650000,Dealer
3283,270000,Dealer
3284,390000,Dealer
3285,1500000,Individual
3286,225000,Individual
3287,900000,Individual
3288,1600000,Individual
3289,800000,Individual
3290,320000,Individual
3291,300000,Individual
3292,740000,Individual
3293,350000,Individual
3294,280000,Individual
3295,675000,Individual
3296,300000,Individual
3297,400000,Individual
3298,420000,Individual
3299,300000,Individual
3300,170000,Individual
3301,210000,Individual
3302,600000,Individual
3303,260000,Individual
3304,82000,Individual
3305,690000,Individual
3306,300000,Individual
3307,1250000,Individual
3308,799000,Individual
3309,1000000,Individual
3310,190000,Individual
3311,250000,Individual
3312,200000,Individual
3313,300000,Individual
3314,250000,Individual
3315,90000,Individual
3316,68000,Individual
3317,500000,Individual
3318,900000,Individual
3319,100000,Individual
3320,700000,Individual
3321,1750000,Dealer
3322,290000,Individual
3323,1050000,Individual
3324,70000,Individual
3325,520000,Individual
3326,150000,Individual
3327,120000,Individual
3328,600000,Individual
3329,150000,Individual
3330,400000,Individual
3331,310000,Individual
3332,550000,Individual
3333,550000,Individual
3334,320000,Individual
3335,50000,Individual
3336,500000,Individual
3337,360000,Individual
3338,700000,Individual
3339,700000,Individual
3340,655000,Dealer
3341,700000,Individual
3342,200000,Individual
3343,375000,Individual
3344,470000,Dealer
3345,550000,Dealer
3346,500000,Individual
3347,210000,Individual
3348,270000,Individual
3349,300000,Individual
3350,80000,Individual
3351,1451000,Dealer
3352,1085000,Individual
3353,245000,Dealer
3354,700000,Dealer
3355,300000,Individual
3356,350000,Individual
3357,635000,Dealer
3358,325000,Individual
3359,1150000,Dealer
3360,110000,Dealer
3361,890000,Dealer
3362,73000,Individual
3363,170000,Individual
3364,750000,Dealer
3365,280000,Individual
3366,690000,Dealer
3367,130000,Individual
3368,73000,Individual
3369,85000,Individual
3370,1575000,Individual
3371,325000,Individual
3372,85000,Individual
3373,860000,Dealer
3374,690000,Individual
3375,650000,Dealer
3376,375000,Individual
3377,525000,Dealer
3378,330000,Dealer
3379,280000,Dealer
3380,470000,Individual
3381,350000,Individual
3382,480000,Dealer
3383,620000,Individual
3384,250000,Individual
3385,78692,Individual
3386,350000,Individual
3387,250000,Individual
3388,260000,Individual
3389,640000,Individual
3390,220000,Individual
3391,465000,Individual
3392,229999,Individual
3393,425000,Individual
3394,95000,Individual
3395,170000,Individual
3396,229999,Individual
3397,45000,Individual
3398,479000,Individual
3399,370000,Individual
3400,340000,Individual
3401,620000,Individual
3402,270000,Individual
3403,400000,Individual
3404,260000,Individual
3405,48000,Individual
3406,100000,Individual
3407,490000,Individual
3408,120000,Individual
3409,125000,Individual
3410,160000,Individual
3411,190000,Individual
3412,1700000,Individual
3413,250000,Individual
3414,500000,Individual
3415,400000,Individual
3416,500000,Individual
3417,1800000,Individual
3418,320000,Individual
3419,250000,Dealer
3420,105000,Individual
3421,550000,Individual
3422,600000,Individual
3423,210000,Individual
3424,210000,Individual
3425,150000,Individual
3426,125000,Individual
3427,380000,Individual
3428,600000,Individual
3429,490000,Individual
3430,545000,Individual
3431,250000,Individual
3432,1050000,Individual
3433,100000,Individual
3434,250000,Individual
3435,100000,Individual
3436,350000,Individual
3437,370000,Individual
3438,121000,Individual
3439,570000,Dealer
3440,785000,Individual
3441,850000,Individual
3442,375000,Individual
3443,619000,Individual
3444,335000,Individual
3445,500000,Individual
3446,60000,Individual
3447,130000,Individual
3448,210000,Individual
3449,1900000,Individual
3450,270000,Individual
3451,225000,Individual
3452,150000,Individual
3453,173000,Individual
3454,4800000,Individual
3455,710000,Individual
3456,1500000,Individual
3457,550000,Individual
3458,58000,Individual
3459,1200000,Individual
3460,500000,Individual
3461,120000,Individual
3462,300000,Individual
3463,300000,Individual
3464,295000,Individual
3465,587000,Individual
3466,430000,Individual
3467,123000,Individual
3468,450000,Individual
3469,130000,Individual
3470,110000,Individual
3471,200000,Individual
3472,320000,Individual
3473,300000,Individual
3474,350000,Individual
3475,800000,Individual
3476,270000,Individual
3477,540000,Individual
3478,160000,Individual
3479,340000,Individual
3480,350000,Individual
3481,300000,Individual
3482,330000,Individual
3483,325000,Individual
3484,250000,Individual
3485,250000,Individual
3486,240000,Individual
3487,545000,Individual
3488,300000,Dealer
3489,130000,Individual
3490,240000,Individual
3491,360000,Individual
3492,250000,Individual
3493,475000,Dealer
3494,600000,Individual
3495,150000,Individual
3496,700000,Individual
3497,1290000,Individual
3498,80000,Individual
3499,425000,Individual
3500,500000,Individual
3501,193000,Individual
3502,800000,Individual
3503,150000,Individual
3504,80000,Individual
3505,130000,Individual
3506,280000,Individual
3507,229999,Individual
3508,80000,Individual
3509,70000,Individual
3510,240000,Individual
3511,380000,Individual
3512,240000,Individual
3513,80000,Individual
3514,265000,Individual
3515,320000,Individual
3516,500000,Individual
3517,1300000,Individual
3518,1500000,Individual
3519,1800000,Individual
3520,600000,Individual
3521,420000,Individual
3522,140000,Individual
3523,300000,Individual
3524,100000,Dealer
3525,350000,Dealer
3526,850000,Dealer
3527,140000,Dealer
3528,550000,Dealer
3529,525000,Dealer
3530,470000,Dealer
3531,900000,Dealer
3532,500000,Dealer
3533,80000,Individual
3534,175000,Individual
3535,1350000,Individual
3536,800000,Individual
3537,250000,Individual
3538,700000,Individual
3539,800000,Individual
3540,660000,Individual
3541,465000,Individual
3542,180000,Individual
3543,600000,Individual
3544,150000,Individual
3545,450000,Individual
3546,721000,Individual
3547,300000,Individual
3548,1000000,Individual
3549,300000,Individual
3550,450000,Individual
3551,79000,Individual
3552,545000,Individual
3553,844999,Individual
3554,700000,Individual
3555,650000,Individual
3556,525000,Individual
3557,110000,Individual
3558,180000,Individual
3559,280000,Individual
3560,400000,Individual
3561,625000,Individual
3562,535000,Individual
3563,459999,Individual
3564,300000,Individual
3565,280000,Individual
3566,500000,Individual
3567,1200000,Individual
3568,300000,Individual
3569,180000,Individual
3570,180000,Individual
3571,78000,Individual
3572,160000,Individual
3573,600000,Individual
3574,110000,Individual
3575,450000,Individual
3576,1350000,Individual
3577,120000,Individual
3578,1040000,Individual
3579,390000,Individual
3580,65000,Individual
3581,320000,Individual
3582,720000,Individual
3583,220000,Individual
3584,225000,Dealer
3585,200000,Individual
3586,434999,Dealer
3587,300000,Individual
3588,700000,Individual
3589,500000,Individual
3590,500000,Individual
3591,400000,Individual
3592,825000,Dealer
3593,720000,Individual
3594,110000,Individual
3595,600000,Individual
3596,275000,Individual
3597,2349000,Individual
3598,740000,Individual
3599,800000,Individual
3600,1100000,Individual
3601,750000,Individual
3602,200000,Individual
3603,210000,Individual
3604,270000,Individual
3605,630000,Individual
3606,375000,Individual
3607,300000,Individual
3608,580000,Individual
3609,550000,Individual
3610,750000,Individual
3611,250000,Individual
3612,434999,Individual
3613,900000,Dealer
3614,685000,Dealer
3615,540000,Dealer
3616,1165000,Dealer
3617,610000,Dealer
3618,254999,Dealer
3619,280000,Dealer
3620,370000,Individual
3621,459999,Individual
3622,42000,Individual
3623,42000,Individual
3624,190000,Individual
3625,165000,Individual
3626,710000,Individual
3627,1200000,Individual
3628,229999,Individual
3629,310000,Individual
3630,320000,Individual
3631,100000,Individual
3632,160000,Individual
3633,60000,Individual
3634,100000,Individual
3635,350000,Individual
3636,700000,Individual
3637,300000,Individual
3638,830000,Individual
3639,220000,Individual
3640,130000,Individual
3641,330000,Individual
3642,254999,Individual
3643,600000,Individual
3644,210000,Individual
3645,120000,Individual
3646,95000,Individual
3647,229999,Individual
3648,229999,Individual
3649,400000,Individual
3650,300000,Individual
3651,300000,Individual
3652,80000,Individual
3653,80000,Individual
3654,100000,Individual
3655,300000,Individual
3656,700000,Individual
3657,975000,Individual
3658,500000,Individual
3659,550000,Individual
3660,550000,Individual
3661,240000,Individual
3662,50000,Individual
3663,120000,Individual
3664,900000,Individual
3665,250000,Individual
3666,280000,Individual
3667,85000,Individual
3668,90000,Individual
3669,500000,Individual
3670,200000,Individual
3671,250000,Individual
3672,185000,Individual
3673,100000,Individual
3674,610000,Individual
3675,290000,Individual
3676,300000,Individual
3677,225000,Individual
3678,320000,Individual
3679,135000,Individual
3680,400000,Individual
3681,400000,Individual
3682,570000,Individual
3683,500000,Individual
3684,130000,Individual
3685,360000,Individual
3686,530000,Dealer
3687,250000,Individual
3688,600000,Dealer
3689,570000,Dealer
3690,850000,Dealer
3691,250000,Dealer
3692,580000,Dealer
3693,1680000,Dealer
3694,180000,Individual
3695,300000,Individual
3696,269000,Individual
3697,231999,Individual
3698,150000,Individual
3699,495000,Individual
3700,700000,Individual
3701,400000,Individual
3702,599000,Individual
3703,421000,Individual
3704,841000,Individual
3705,295000,Individual
3706,220000,Individual
3707,250000,Individual
3708,1100000,Individual
3709,300000,Individual
3710,80000,Individual
3711,215000,Individual
3712,245000,Dealer
3713,650000,Dealer
3714,760000,Dealer
3715,395000,Dealer
3716,280000,Dealer
3717,495000,Dealer
3718,525000,Dealer
3719,420000,Dealer
3720,210000,Individual
3721,650000,Individual
3722,2300000,Individual
3723,525000,Individual
3724,195000,Individual
3725,650000,Individual
3726,540000,Individual
3727,180000,Individual
3728,750000,Individual
3729,980000,Individual
3730,250000,Individual
3731,550000,Individual
3732,509999,Individual
3733,320000,Individual
3734,275000,Individual
3735,550000,Individual
3736,145000,Individual
3737,250000,Individual
3738,520000,Individual
3739,95000,Individual
3740,725000,Individual
3741,55000,Individual
3742,600000,Individual
3743,330000,Individual
3744,470000,Individual
3745,365000,Individual
3746,250000,Individual
3747,430000,Individual
3748,400000,Individual
3749,615000,Individual
3750,150000,Individual
3751,240000,Individual
3752,800000,Individual
3753,240000,Individual
3754,600000,Individual
3755,800000,Individual
3756,160000,Individual
3757,350000,Individual
3758,300000,Individual
3759,399000,Individual
3760,300000,Individual
3761,150000,Individual
3762,320000,Individual
3763,1280000,Individual
3764,300000,Individual
3765,1000000,Individual
3766,1090000,Individual
3767,450000,Individual
3768,60000,Individual
3769,500000,Individual
3770,200000,Individual
3771,650000,Individual
3772,60000,Individual
3773,250999,Individual
3774,185000,Dealer
3775,155000,Individual
3776,600000,Individual
3777,300000,Individual
3778,850000,Individual
3779,470000,Individual
3780,600000,Individual
3781,700000,Individual
3782,70000,Individual
3783,1250000,Individual
3784,650000,Individual
3785,450000,Individual
3786,750000,Individual
3787,775000,Individual
3788,800000,Individual
3789,360000,Individual
3790,250000,Individual
3791,1490000,Individual
3792,600000,Individual
3793,120000,Individual
3794,320000,Individual
3795,400000,Individual
3796,302000,Individual
3797,130000,Individual
3798,150000,Individual
3799,200000,Individual
3800,950000,Individual
3801,120000,Individual
3802,1400000,Individual
3803,620000,Individual
3804,449000,Individual
3805,100000,Individual
3806,600000,Individual
3807,700000,Individual
3808,250000,Individual
3809,550000,Individual
3810,675000,Dealer
3811,530000,Dealer
3812,325000,Dealer
3813,370000,Dealer
3814,360000,Individual
3815,650000,Dealer
3816,199000,Dealer
3817,285000,Individual
3818,260000,Individual
3819,869999,Dealer
3820,425000,Dealer
3821,490000,Dealer
3822,750000,Individual
3823,125000,Individual
3824,221000,Individual
3825,724000,Dealer
3826,440000,Dealer
3827,70000,Individual
3828,511000,Dealer
3829,790000,Dealer
3830,640000,Individual
3831,120000,Individual
3832,126000,Individual
3833,120000,Individual
3834,650000,Individual
3835,450000,Individual
3836,110000,Individual
3837,600000,Individual
3838,620000,Individual
3839,600000,Individual
3840,795000,Individual
3841,300000,Individual
3842,495000,Individual
3843,1580000,Dealer
3844,1750000,Dealer
3845,1350000,Individual
3846,350000,Individual
3847,300000,Individual
3848,400000,Dealer
3849,1750000,Dealer
3850,70000,Individual
3851,500000,Individual
3852,2575000,Dealer
3853,345000,Dealer
3854,220000,Individual
3855,1850000,Dealer
3856,114999,Dealer
3857,50000,Individual
3858,585000,Dealer
3859,950000,Dealer
3860,625000,Individual
3861,1035000,Dealer
3862,310000,Dealer
3863,600000,Individual
3864,3100000,Individual
3865,650000,Dealer
3866,550000,Dealer
3867,1260000,Dealer
3868,660000,Dealer
3869,700000,Dealer
3870,235000,Dealer
3871,475000,Dealer
3872,795000,Dealer
3873,8900000,Dealer
3874,3200000,Dealer
3875,1860000,Dealer
3876,4200000,Dealer
3877,850000,Dealer
3878,585000,Dealer
3879,380000,Dealer
3880,650000,Individual
3881,600000,Individual
3882,434999,Dealer
3883,525000,Dealer
3884,4800000,Dealer
3885,160000,Individual
3886,160000,Individual
3887,125000,Individual
3888,430000,Individual
3889,900000,Individual
3890,61000,Individual
3891,400000,Individual
3892,150000,Individual
3893,950000,Individual
3894,220000,Individual
3895,110000,Individual
3896,375000,Individual
3897,350000,Individual
3898,310000,Dealer
3899,90000,Individual
3900,350000,Individual
3901,100000,Individual
3902,1300000,Individual
3903,70000,Individual
3904,225000,Individual
3905,145000,Individual
3906,930000,Individual
3907,550000,Individual
3908,85000,Individual
3909,280000,Individual
3910,360000,Individual
3911,150000,Individual
3912,900000,Individual
3913,120000,Individual
3914,215000,Individual
3915,550000,Individual
3916,775000,Individual
3917,409999,Individual
3918,65000,Individual
3919,200000,Individual
3920,240000,Individual
3921,800000,Individual
3922,400000,Individual
3923,500000,Individual
3924,150000,Individual
3925,500000,Individual
3926,320000,Individual
3927,300000,Individual
3928,650000,Individual
3929,285000,Individual
3930,360000,Individual
3931,450000,Individual
3932,175000,Individual
3933,350000,Individual
3934,530000,Dealer
3935,1025000,Dealer
3936,950000,Dealer
3937,725000,Dealer
3938,919999,Dealer
3939,700000,Dealer
3940,725000,Dealer
3941,840000,Dealer
3942,365000,Dealer
3943,665000,Dealer
3944,50000,Individual
3945,225000,Individual
3946,229999,Individual
3947,145000,Individual
3948,624000,Dealer
3949,500000,Individual
3950,750000,Dealer
3951,785000,Individual
3952,225000,Individual
3953,300000,Individual
3954,680000,Individual
3955,700000,Individual
3956,180000,Individual
3957,270000,Individual
3958,370000,Individual
3959,1100000,Individual
3960,120000,Individual
3961,430000,Individual
3962,550000,Dealer
3963,320000,Dealer
3964,390000,Dealer
3965,550000,Dealer
3966,370000,Dealer
3967,190000,Dealer
3968,509999,Dealer
3969,450000,Dealer
3970,5500000,Dealer
3971,550000,Dealer
3972,400000,Dealer
3973,585000,Dealer
3974,500000,Individual
3975,800000,Individual
3976,265000,Individual
3977,175000,Individual
3978,125000,Individual
3979,165000,Individual
3980,150000,Individual
3981,1025000,Individual
3982,1030000,Individual
3983,380000,Individual
3984,250000,Individual
3985,85000,Individual
3986,500000,Individual
3987,350000,Individual
3988,190000,Individual
3989,940000,Individual
3990,475000,Individual
3991,300000,Individual
3992,250000,Individual
3993,93000,Individual
3994,290000,Individual
3995,75000,Individual
3996,1000000,Individual
3997,550000,Individual
3998,285000,Individual
3999,240000,Individual
4000,850000,Individual
4001,650000,Individual
4002,365000,Individual
4003,650000,Individual
4004,260000,Individual
4005,250000,Individual
4006,550000,Individual
4007,70000,Individual
4008,225000,Individual
4009,145000,Individual
4010,930000,Individual
4011,550000,Individual
4012,85000,Individual
4013,280000,Individual
4014,360000,Individual
4015,150000,Individual
4016,900000,Individual
4017,120000,Individual
4018,215000,Individual
4019,550000,Individual
4020,775000,Individual
4021,409999,Individual
4022,65000,Individual
4023,200000,Individual
4024,240000,Individual
4025,800000,Individual
4026,400000,Individual
4027,229999,Individual
4028,580000,Individual
4029,175000,Individual
4030,250000,Individual
4031,320000,Individual
4032,300000,Individual
4033,800000,Individual
4034,245000,Dealer
4035,300000,Individual
4036,350000,Individual
4037,70000,Individual
4038,430999,Dealer
4039,80000,Individual
4040,335000,Dealer
4041,350000,Dealer
4042,315000,Dealer
4043,1100000,Individual
4044,80000,Individual
4045,285000,Dealer
4046,100000,Individual
4047,225000,Individual
4048,4500000,Individual
4049,320000,Individual
4050,1249000,Individual
4051,120000,Individual
4052,200000,Individual
4053,1151000,Individual
4054,120000,Individual
4055,220000,Individual
4056,750000,Individual
4057,784000,Individual
4058,500000,Individual
4059,350000,Individual
4060,1400000,Individual
4061,600000,Individual
4062,525000,Individual
4063,930000,Individual
4064,440000,Dealer
4065,434999,Dealer
4066,250000,Dealer
4067,940000,Dealer
4068,1050000,Dealer
4069,825000,Dealer
4070,229999,Individual
4071,375000,Dealer
4072,640000,Dealer
4073,800000,Dealer
4074,130000,Individual
4075,300000,Dealer
4076,440000,Dealer
4077,595000,Dealer
4078,450000,Individual
4079,690000,Individual
4080,300000,Individual
4081,170000,Individual
4082,280000,Individual
4083,220000,Individual
4084,140000,Individual
4085,45000,Individual
4086,200000,Individual
4087,325000,Individual
4088,300000,Individual
4089,120000,Individual
4090,535000,Individual
4091,520000,Individual
4092,550000,Dealer
4093,280000,Individual
4094,225000,Dealer
4095,750000,Trustmark Dealer
4096,535000,Dealer
4097,1250000,Trustmark Dealer
4098,650000,Trustmark Dealer
4099,295000,Trustmark Dealer
4100,480000,Trustmark Dealer
4101,575000,Trustmark Dealer
4102,509999,Individual
4103,69000,Individual
4104,200000,Individual
4105,449000,Individual
4106,426000,Individual
4107,650000,Individual
4108,260000,Individual
4109,295000,Individual
4110,260000,Dealer
4111,120000,Individual
4112,155000,Dealer
4113,450000,Individual
4114,320000,Individual
4115,123000,Individual
4116,80000,Individual
4117,220000,Individual
4118,650000,Dealer
4119,285000,Dealer
4120,725000,Dealer
4121,97000,Individual
4122,625000,Dealer
4123,550000,Dealer
4124,130000,Individual
4125,240000,Dealer
4126,600000,Dealer
4127,350000,Dealer
4128,245000,Dealer
4129,199000,Individual
4130,330000,Individual
4131,150000,Individual
4132,927999,Individual
4133,70000,Individual
4134,399000,Dealer
4135,350000,Individual
4136,125000,Individual
4137,150000,Individual
4138,250000,Individual
4139,675000,Dealer
4140,950000,Individual
4141,409999,Individual
4142,225000,Individual
4143,350000,Individual
4144,51111,Individual
4145,290000,Dealer
4146,310000,Dealer
4147,212000,Dealer
4148,900000,Dealer
4149,221000,Dealer
4150,675000,Dealer
4151,421000,Dealer
4152,350000,Individual
4153,140000,Individual
4154,90000,Individual
4155,830000,Individual
4156,180000,Individual
4157,210000,Individual
4158,700000,Individual
4159,45000,Individual
4160,125000,Individual
4161,530000,Individual
4162,800000,Dealer
4163,580000,Individual
4164,1400000,Individual
4165,300000,Individual
4166,300000,Individual
4167,700000,Individual
4168,250000,Individual
4169,500000,Individual
4170,428000,Individual
4171,1400000,Individual
4172,219000,Individual
4173,500000,Individual
4174,520000,Individual
4175,509999,Individual
4176,556000,Individual
4177,225000,Individual
4178,325000,Dealer
4179,365000,Dealer
4180,850000,Dealer
4181,350000,Dealer
4182,225000,Dealer
4183,135000,Individual
4184,140000,Dealer
4185,665000,Dealer
4186,275000,Dealer
4187,2750000,Individual
4188,484999,Dealer
4189,565000,Dealer
4190,425000,Dealer
4191,925000,Individual
4192,565000,Dealer
4193,525000,Dealer
4194,409999,Individual
4195,570000,Individual
4196,160000,Individual
4197,749000,Individual
4198,300000,Individual
4199,550000,Dealer
4200,550000,Dealer
4201,1250000,Dealer
4202,700000,Dealer
4203,600000,Dealer
4204,925000,Dealer
4205,1800000,Dealer
4206,459999,Dealer
4207,565000,Individual
4208,170000,Individual
4209,150000,Dealer
4210,295000,Individual
4211,819999,Individual
4212,819999,Individual
4213,320000,Individual
4214,550000,Individual
4215,550000,Individual
4216,590000,Individual
4217,1050000,Individual
4218,950000,Individual
4219,1000000,Individual
4220,500000,Individual
4221,450000,Individual
4222,720000,Individual
4223,390000,Individual
4224,500000,Individual
4225,2500000,Individual
4226,780000,Individual
4227,484999,Individual
4228,420000,Individual
4229,1225000,Individual
4230,350000,Individual
4231,350000,Individual
4232,800000,Individual
4233,125000,Individual
4234,75000,Individual
4235,509999,Individual
4236,215000,Individual
4237,465000,Individual
4238,625000,Dealer
4239,490000,Dealer
4240,880000,Dealer
4241,290000,Individual
4242,115999,Individual
4243,685000,Dealer
4244,300000,Individual
4245,680000,Dealer
4246,480000,Dealer
4247,630000,Dealer
4248,190000,Dealer
4249,500000,Dealer
4250,850000,Dealer
4251,350000,Dealer
4252,425000,Dealer
4253,495000,Dealer
4254,890000,Individual
4255,1100000,Individual
4256,650000,Individual
4257,465000,Individual
4258,625000,Dealer
4259,490000,Dealer
4260,880000,Dealer
4261,290000,Individual
4262,115999,Individual
4263,685000,Dealer
4264,300000,Individual
4265,680000,Dealer
4266,480000,Dealer
4267,630000,Dealer
4268,190000,Dealer
4269,500000,Dealer
4270,850000,Dealer
4271,350000,Dealer
4272,425000,Dealer
4273,495000,Dealer
4274,890000,Individual
4275,1100000,Individual
4276,650000,Individual
4277,233000,Individual
4278,300000,Individual
4279,614000,Individual
4280,250000,Individual
4281,250000,Individual
4282,200000,Individual
4283,290000,Individual
4284,320000,Individual
4285,145000,Individual
4286,100000,Individual
4287,130000,Individual
4288,145000,Individual
4289,110000,Individual
4290,680000,Individual
4291,37500,Individual
4292,200000,Individual
4293,300000,Individual
4294,80000,Dealer
4295,740000,Dealer
4296,630000,Individual
4297,70000,Dealer
4298,484999,Dealer
4299,164000,Individual
4300,140000,Individual
4301,999000,Dealer
4302,56000,Individual
4303,1050000,Dealer
4304,190000,Dealer
4305,3899000,Dealer
4306,150000,Individual
4307,235000,Dealer
4308,599000,Individual
4309,200000,Individual
4310,350000,Dealer
4311,465000,Dealer
4312,1900000,Dealer
4313,1000000,Individual
4314,2800000,Individual
4315,470000,Individual
4316,415000,Individual
4317,500000,Individual
4318,150000,Individual
4319,95000,Individual
4320,400000,Individual
4321,114999,Individual
4322,75000,Individual
4323,500000,Individual
4324,195000,Individual
4325,155000,Individual
4326,65000,Individual
4327,65000,Individual
4328,190000,Individual
4329,200000,Individual
4330,160000,Individual
4331,150000,Individual
4332,530000,Individual
4333,750000,Individual
4334,225000,Individual
4335,600000,Individual
4336,409999,Individual
4337,409999,Individual
4338,110000,Individual
4339,865000,Individual
4340,225000,Individual
